Workbook

Sheet All
A1: Demographics | H1: IPSm | AF1: Success | CF1: Self Efficacy | DS1: TRI | DT1: TRI
BU2: Time between | BW2: Basic Training | BY2: Served as | CC2: If yes, how | CF2: Pre | CS2: Post | DE2: Procedure confidence | DQ2: File name | DS2: Adj_IPSm | DT2: IPSm | DV2: Success | DW2: Success | DX2: Critical errors
F3: Study | H3: AAE | N3: FAE | T3: LEF | Z3: UEF | AF3: AAE | AG3: FAE | AJ3: LEF | AN3: UEF | BO3: Number of | BR3: Didactic | BS3: Didactic | BT3: Evaluation | BU3: didactic and | BW3: Completion | BX3: Months Served | BY3: Operating Room | BZ3: If yes, how | CA3: Deployed | CB3: If yes, how | CC3: many combat | CD3: Cadaver lab | CF3: Succeed at any | CG3: Even when things | CH3: Determine the | CI3: Control | CJ3: Plan appropriate | CK3: Conduct surgical | CL3: When to use | CM3: Appropriate | CN3: ID specific | CO3: ID bony | CP3: Performing | CQ3: Caffeinated | CS3: Succeed at any | CT3: Even when things | CU3: Determine the | CV3: Control | CW3: Plan appropriate | CX3: Conduct surgical | CY3: When to use | CZ3: Appropriate | DA3: ID specific | DB3: ID bony | DC3: Performing | DV3: All Vascular | DW3: All Fasciotomy
A4: Name | B4: Participant ID | D4: Filename | F4: Group | H4: Anatomy | I4: Pathophysiology | J4: Management | K4: Procedural | L4: Technique | N4: Anatomy | O4: Pathophysiology | P4: Management | Q4: Procedural | R4: Technique | T4: Anatomy | U4: Pathophysiology | V4: Management | W4: Procedural | X4: Technique | Z4: Anatomy | AA4: Pathophysiology | AB4: Management | AC4: Procedural | AD4: Technique | AF4: AA | AG4: CFA | AH4: SFA | AI4: PFA | AJ4: Ant | AK4: Lat | AL4: SP | AM4: DP | AN4: V | AO4: DV | AP4: BA | AQ4: MW | AR4: CT | AS4: D | BO4: Evaluators | BP4: Sequence | BQ4: Sex | BR4: Iteration # | BS4: Date | BT4: Date | BU4: evaluation | BV4: Age | BW4: (month/yr) | BX4: as a Medic | BY4: Medic or Tech | BZ4: many months | CA4: Internationally | CB4: many times | CC4: zones | CD4: experience | CF4: endeavor | CG4: are tough | CH4: need for surgery | CI4: bleeding | CJ4: interventions | CK4: procedures | CL4: tourniquet | CM4: incision | CN4: arteries | CO4: landmarks | CP4: CPR | CQ4: beverages | CS4: endeavor | CT4: are tough | CU4: need for surgery | CV4: bleeding | CW4: interventions | CX4: procedures | CY4: tourniquet | CZ4: incision | DA4: arteries | DB4: landmarks | DC4: CPR | DE4: Cric | DF4: AAE | DG4: CAE | DH4: LEF | DI4: HC-WP | DJ4: UEF | DK4: SM | DL4: Chest tube | DM4: HF | DN4: BAE | DO4: FAE
B6: M_007 | D6: =CONCATENATE(B6,".xlsx") -> M_007.xlsx | F6: =#REF! -> #REF! | H6: =#REF! -> #REF! | I6: =#REF! -> #REF! | J6: =#REF! -> #REF! | K6: =#REF! -> #REF! | L6: =#REF! -> #REF! | N6: =#REF! -> #REF! | O6: =#REF! -> #REF! | P6: =#REF! -> #REF! | Q6: =#REF! -> #REF! | R6: =#REF! -> #REF! | T6: =#REF! -> #REF! | U6: =#REF! -> #REF! | V6: =#REF! -> #REF! | W6: =#REF! -> #REF! | X6: =#REF! -> #REF! | Z6: =#REF! -> #REF! | AA6: =#REF! -> #REF! | AB6: =#REF! -> #REF! | AC6: =#REF! -> #REF! | AD6: =#REF! -> #REF! | AF6: =#REF! -> #REF! | AG6: =#REF! -> #REF! | AH6: =#REF! -> #REF! | AI6: =#REF! -> #REF! | AJ6: =#REF! -> #REF! | AK6: =#REF! -> #REF! | AL6: =#REF! -> #REF! | AM6: =#REF! -> #REF! | ... AS6: =#REF! -> #REF!
B7: M_009 | D7: =CONCATENATE(B7,".xlsx") -> M_009.xlsx | F7: =#REF! -> #REF! | H7: =#REF! -> #REF! | I7: =#REF! -> #REF! | J7: =#REF! -> #REF! | K7: =#REF! -> #REF! | L7: =#REF! -> #REF! | N7: =#REF! -> #REF! | O7: =#REF! -> #REF! | P7: =#REF! -> #REF! | Q7: =#REF! -> #REF! | R7: =#REF! -> #REF! | T7: =#REF! -> #REF! | U7: =#REF! -> #REF! | V7: =#REF! -> #REF! | W7: =#REF! -> #REF! | X7: =#REF! -> #REF! | Z7: =#REF! -> #REF! | AA7: =#REF! -> #REF! | AB7: =#REF! -> #REF! | AC7: =#REF! -> #REF! | AD7: =#REF! -> #REF! | AF7: =#REF! -> #REF! | AG7: =#REF! -> #REF! | AH7: =#REF! -> #REF! | AI7: =#REF! -> #REF! | AJ7: =#REF! -> #REF! | AK7: =#REF! -> #REF! | AL7: =#REF! -> #REF! | AM7: =#REF! -> #REF! | ... AS7: =#REF! -> #REF!
B8: M_012 | D8: =CONCATENATE(B8,".xlsx") -> M_012.xlsx | F8: =#REF! -> #REF! | H8: =#REF! -> #REF! | I8: =#REF! -> #REF! | J8: =#REF! -> #REF! | K8: =#REF! -> #REF! | L8: =#REF! -> #REF! | N8: =#REF! -> #REF! | O8: =#REF! -> #REF! | P8: =#REF! -> #REF! | Q8: =#REF! -> #REF! | R8: =#REF! -> #REF! | T8: =#REF! -> #REF! | U8: =#REF! -> #REF! | V8: =#REF! -> #REF! | W8: =#REF! -> #REF! | X8: =#REF! -> #REF! | Z8: =#REF! -> #REF! | AA8: =#REF! -> #REF! | AB8: =#REF! -> #REF! | AC8: =#REF! -> #REF! | AD8: =#REF! -> #REF! | AF8: =#REF! -> #REF! | AG8: =#REF! -> #REF! | AH8: =#REF! -> #REF! | AI8: =#REF! -> #REF! | AJ8: =#REF! -> #REF! | AK8: =#REF! -> #REF! | AL8: =#REF! -> #REF! | AM8: =#REF! -> #REF! | ... AS8: =#REF! -> #REF!
B9: M_013 | D9: =CONCATENATE(B9,".xlsx") -> M_013.xlsx | F9: ='[1]Template '!$C$2 -> D only | H9: ='[1]Template '!$C$29 -> 0 | I9: ='[1]Template '!$C$30 -> n/a | J9: ='[1]Template '!$C$31 -> 0.33333333 | K9: ='[1]Template '!$C$32 -> 0.58455882 | L9: ='[1]Template '!$C$33 -> 0 | N9: ='[1]Template '!$C$74 -> 0.51818182 | O9: ='[1]Template '!$C$75 -> n/a | P9: ='[1]Template '!$C$76 -> 0.42857143 | Q9: ='[1]Template '!$C$77 -> 0.48809524 | R9: ='[1]Template '!$C$78 -> 0.4781746 | T9: ='[1]Template '!$C$96 -> 0.58333333 | U9: ='[1]Template '!$C$97 -> 0.48518519 | V9: ='[1]Template '!$C$98 -> 0.5 | W9: ='[1]Template '!$C$99 -> 0.25252525 | X9: ='[1]Template '!$C$100 -> 0.65793651 | Z9: ='[1]Template '!$C$52 -> 0.55555556 | AA9: ='[1]Template '!$C$53 -> 0.48518519 | AB9: ='[1]Template '!$C$54 -> 0.5 | AC9: ='[1]Template '!$C$55 -> 0.3125 | AD9: ='[1]Template '!$C$56 -> 0.5547619 | AF9: ='[1]Template '!$Z$30 -> 0 | AG9: ='[1]Template '!$AB$75 -> 0 | AH9: ='[1]Template '!$AD$75 -> 0 | AI9: ='[1]Template '!$AF$75 -> 0 | AJ9: ='[1]Template '!$AR$97 -> 0 | AK9: ='[1]Template '!$AS$97 -> 0 | AL9: ='[1]Template '!$AZ$97 -> 0 | AM9: ='[1]Template '!$BB$97 -> 0 | AN9: ='[1]Template '!$AU$53 -> 0 | AO9: ='[1]Template '!$AV$53 -> 0 | AP9: ='[1]Template '!$AY$53 -> 0 | AQ9: ='[1]Template '!$AX$53 -> 0 | AR9: ='[1]Template '!$AZ$53 -> 0 | AS9: ='[1]Template '!$BF$53 -> 0
B10: M_014 | D10: =CONCATENATE(B10,".xlsx") -> M_014.xlsx | F10: ='[2]Template '!$C$2 -> D+M | H10: ='[2]Template '!$C$29 -> 0.38888889 | I10: ='[2]Template '!$C$30 -> n/a | J10: ='[2]Template '!$C$31 -> 0.41666667 | K10: ='[2]Template '!$C$32 -> 0.66911765 | L10: ='[2]Template '!$C$33 -> 0.76984127 | N10: ='[2]Template '!$C$74 -> 0.65454545 | O10: ='[2]Template '!$C$75 -> n/a | P10: ='[2]Template '!$C$76 -> 0.39285714 | Q10: ='[2]Template '!$C$77 -> 0.4047619 | R10: ='[2]Template '!$C$78 -> 0.74603175 | T10: ='[2]Template '!$C$96 -> 0.66666667 | U10: ='[2]Template '!$C$97 -> 0.40740741 | V10: ='[2]Template '!$C$98 -> 0.5 | W10: ='[2]Template '!$C$99 -> 0.46897547 | X10: ='[2]Template '!$C$100 -> 0.68333333 | Z10: ='[2]Template '!$C$52 -> 0.78571429 | AA10: ='[2]Template '!$C$53 -> 0.40740741 | AB10: ='[2]Template '!$C$54 -> 0.5 | AC10: ='[2]Template '!$C$55 -> 0.5 | AD10: ='[2]Template '!$C$56 -> 0.7468254 | AF10: ='[2]Template '!$Z$30 -> 0 | AG10: ='[2]Template '!$AB$75 -> 0 | AH10: ='[2]Template '!$AD$75 -> 0 | AI10: ='[2]Template '!$AF$75 -> 0 | AJ10: ='[2]Template '!$AR$97 -> 0 | AK10: ='[2]Template '!$AS$97 -> 0 | AL10: ='[2]Template '!$AZ$97 -> 0 | AM10: ='[2]Template '!$BB$97 -> 1 | AN10: ='[2]Template '!$AU$53 -> 1 | AO10: ='[2]Template '!$AV$53 -> 1 | AP10: ='[2]Template '!$AY$53 -> 1 | AQ10: ='[2]Template '!$AX$53 -> 1 | AR10: ='[2]Template '!$AZ$53 -> 0 | AS10: ='[2]Template '!$BF$53 -> 0
B11: M_021 | D11: =CONCATENATE(B11,".xlsx") -> M_021.xlsx | F11: ='[3]Template '!$C$2 -> D+M | H11: ='[3]Template '!$C$29 -> 0.38888889 | I11: ='[3]Template '!$C$30 -> n/a | J11: ='[3]Template '!$C$31 -> 0.33333333 | K11: ='[3]Template '!$C$32 -> 0.47794118 | L11: ='[3]Template '!$C$33 -> 0.67063492 | N11: ='[3]Template '!$C$74 -> 0.7 | O11: ='[3]Template '!$C$75 -> n/a | P11: ='[3]Template '!$C$76 -> 0.42857143 | Q11: ='[3]Template '!$C$77 -> 0.53422619 | R11: ='[3]Template '!$C$78 -> 0.78373016 | T11: ='[3]Template '!$C$96 -> 0.8 | U11: ='[3]Template '!$C$97 -> 0.72222222 | V11: ='[3]Template '!$C$98 -> 0.5 | W11: ='[3]Template '!$C$99 -> 0.21428571 | X11: ='[3]Template '!$C$100 -> 0.64603175 | Z11: ='[3]Template '!$C$52 -> 0.69444444 | AA11: ='[3]Template '!$C$53 -> 0.72222222 | AB11: ='[3]Template '!$C$54 -> 0.5 | AC11: ='[3]Template '!$C$55 -> 0.24107143 | AD11: ='[3]Template '!$C$56 -> 0.5765873 | AF11: ='[3]Template '!$Z$30 -> 0 | AG11: ='[3]Template '!$AB$75 -> 0 | AH11: ='[3]Template '!$AD$75 -> 0 | AI11: ='[3]Template '!$AF$75 -> 0 | AJ11: ='[3]Template '!$AR$97 -> 0.5 | AK11: ='[3]Template '!$AS$97 -> 0 | AL11: ='[3]Template '!$AZ$97 -> 0 | AM11: ='[3]Template '!$BB$97 -> 0 | AN11: ='[3]Template '!$AU$53 -> 0 | AO11: ='[3]Template '!$AV$53 -> 0 | AP11: ='[3]Template '!$AY$53 -> 0 | AQ11: ='[3]Template '!$AX$53 -> 0 | AR11: ='[3]Template '!$AZ$53 -> 0 | AS11: ='[3]Template '!$BF$53 -> 0
B12: M_022 | D12: =CONCATENATE(B12,".xlsx") -> M_022.xlsx | F12: ='[4]Template '!$C$2 -> D only | H12: ='[4]Template '!$C$29 -> 0.66666667 | I12: ='[4]Template '!$C$30 -> n/a | J12: ='[4]Template '!$C$31 -> 0.16666667 | K12: ='[4]Template '!$C$32 -> 0.54411765 | L12: ='[4]Template '!$C$33 -> 0.65873016 | N12: ='[4]Template '!$C$74 -> 0.51818182 | O12: ='[4]Template '!$C$75 -> n/a | P12: ='[4]Template '!$C$76 -> 0.21428571 | Q12: ='[4]Template '!$C$77 -> 0.11904762 | R12: ='[4]Template '!$C$78 -> 0.28769841 | T12: ='[4]Template '!$C$96 -> 0.64583333 | U12: ='[4]Template '!$C$97 -> 0.34074074 | V12: ='[4]Template '!$C$98 -> 0 | W12: ='[4]Template '!$C$99 -> 0.28787879 | X12: ='[4]Template '!$C$100 -> 0.79007937 | Z12: ='[4]Template '!$C$52 -> 0.7734127 | AA12: ='[4]Template '!$C$53 -> 0.34074074 | AB12: ='[4]Template '!$C$54 -> 0 | AC12: ='[4]Template '!$C$55 -> 0.43005952 | AD12: ='[4]Template '!$C$56 -> 0.60079365 | AF12: ='[4]Template '!$Z$30 -> 0 | AG12: ='[4]Template '!$AB$75 -> 0 | AH12: ='[4]Template '!$AD$75 -> 0 | AI12: ='[4]Template '!$AF$75 -> 0 | AJ12: ='[4]Template '!$AR$97 -> 1 | AK12: ='[4]Template '!$AS$97 -> 1 | AL12: ='[4]Template '!$AZ$97 -> 0.5 | AM12: ='[4]Template '!$BB$97 -> 0 | AN12: ='[4]Template '!$AU$53 -> 0.5 | AO12: ='[4]Template '!$AV$53 -> 0.5 | AP12: ='[4]Template '!$AY$53 -> 0 | AQ12: ='[4]Template '!$AX$53 -> 0.5 | AR12: ='[4]Template '!$AZ$53 -> 1 | AS12: ='[4]Template '!$BF$53 -> 0.5
B13: M_024 | D13: =CONCATENATE(B13,".xlsx") -> M_024.xlsx | F13: ='[5]Template '!$C$2 -> D only | H13: ='[5]Template '!$C$29 -> 0 | I13: ='[5]Template '!$C$30 -> n/a | J13: ='[5]Template '!$C$31 -> 0 | K13: ='[5]Template '!$C$32 -> 0.23529412 | L13: ='[5]Template '!$C$33 -> 0.48214286 | N13: ='[5]Template '!$C$74 -> 0.65454545 | O13: ='[5]Template '!$C$75 -> n/a | P13: ='[5]Template '!$C$76 -> 0.071428571 | Q13: ='[5]Template '!$C$77 -> 0.46428571 | R13: ='[5]Template '!$C$78 -> 0.50595238 | T13: ='[5]Template '!$C$96 -> 0.65625 | U13: ='[5]Template '!$C$97 -> 0.30740741 | V13: ='[5]Template '!$C$98 -> 0 | W13: ='[5]Template '!$C$99 -> 0.34235209 | X13: ='[5]Template '!$C$100 -> 0.61190476 | Z13: ='[5]Template '!$C$52 -> 0 | AA13: ='[5]Template '!$C$53 -> 0.30740741 | AB13: ='[5]Template '!$C$54 -> 0 | AC13: ='[5]Template '!$C$55 -> 0.32142857 | AD13: ='[5]Template '!$C$56 -> 0.57857143 | AF13: ='[5]Template '!$Z$30 -> 0 | AG13: ='[5]Template '!$AB$75 -> 0 | AH13: ='[5]Template '!$AD$75 -> 0 | AI13: ='[5]Template '!$AF$75 -> 0 | AJ13: ='[5]Template '!$AR$97 -> 0 | AK13: ='[5]Template '!$AS$97 -> 0 | AL13: ='[5]Template '!$AZ$97 -> 0 | AM13: ='[5]Template '!$BB$97 -> 0 | AN13: ='[5]Template '!$AU$53 -> 0 | AO13: ='[5]Template '!$AV$53 -> 0 | AP13: ='[5]Template '!$AY$53 -> 0 | AQ13: ='[5]Template '!$AX$53 -> 0 | AR13: ='[5]Template '!$AZ$53 -> 0 | AS13: ='[5]Template '!$BF$53 -> 0
B14: M_027 | D14: =CONCATENATE(B14,".xlsx") -> M_027.xlsx | F14: D+M | H14: 0.44444444 | I14: n/a | J14: 0.33333333 | K14: 0.66911765 | L14: 0.88293651 | N14: 0.7 | O14: n/a | P14: 0.28571429 | Q14: 0.47619048 | R14: 0.75396825 | T14: 0.72708333 | U14: 0.41111111 | V14: 0 | W14: 0.61183261 | X14: 0.89484127 | Z14: 0.83690476 | AA14: 0.41111111 | AB14: 0.5 | AC14: 0.38425926 | AD14: 0.76825397 | AF14: 0 | AG14: 0 | AH14: 0 | AI14: 0 | AJ14: 1 | AK14: 0.5 | AL14: 1 | AM14: 0 | AN14: 0 | AO14: 0 | AP14: 0 | AQ14: 0 | AR14: 1 | AS14: 0
B15: M_028 | D15: =CONCATENATE(B15,".xlsx") -> M_028.xlsx | F15: ='[6]Template '!$C$2 -> D+M | H15: ='[6]Template '!$C$29 -> 0.41666667 | I15: ='[6]Template '!$C$30 -> n/a | J15: ='[6]Template '!$C$31 -> 0.83333333 | K15: ='[6]Template '!$C$32 -> 0.49183007 | L15: ='[6]Template '!$C$33 -> 0.75198413 | N15: ='[6]Template '!$C$74 -> 0.65454545 | O15: ='[6]Template '!$C$75 -> n/a | P15: ='[6]Template '!$C$76 -> 0.71428571 | Q15: ='[6]Template '!$C$77 -> 0.73809524 | R15: ='[6]Template '!$C$78 -> 0.86706349 | T15: ='[6]Template '!$C$96 -> 0.75 | U15: ='[6]Template '!$C$97 -> 0.53703704 | V15: ='[6]Template '!$C$98 -> 1 | W15: ='[6]Template '!$C$99 -> 0.49278499 | X15: ='[6]Template '!$C$100 -> 0.68134921 | Z15: ='[6]Template '!$C$52 -> 0.75 | AA15: ='[6]Template '!$C$53 -> 0.53703704 | AB15: ='[6]Template '!$C$54 -> 0 | AC15: ='[6]Template '!$C$55 -> 0.13541667 | AD15: ='[6]Template '!$C$56 -> 0.75674603 | AF15: ='[6]Template '!$Z$30 -> 0 | AG15: ='[6]Template '!$AB$75 -> 1 | AH15: ='[6]Template '!$AD$75 -> 1 | AI15: ='[6]Template '!$AF$75 -> 0 | AJ15: ='[6]Template '!$AR$97 -> 0 | AK15: ='[6]Template '!$AS$97 -> 0 | AL15: ='[6]Template '!$AZ$97 -> 0.5 | AM15: ='[6]Template '!$BB$97 -> 0.5 | AN15: ='[6]Template '!$AU$53 -> 0 | AO15: ='[6]Template '!$AV$53 -> 0 | AP15: ='[6]Template '!$AY$53 -> 0 | AQ15: ='[6]Template '!$AX$53 -> 0 | AR15: ='[6]Template '!$AZ$53 -> 0 | AS15: ='[6]Template '!$BF$53 -> 0
B16: M_029 | D16: =CONCATENATE(B16,".xlsx") -> M_029.xlsx | F16: ='[7]Template '!$C$2 -> D+M | H16: ='[7]Template '!$C$29 -> 0.83333333 | I16: ='[7]Template '!$C$30 -> n/a | J16: ='[7]Template '!$C$31 -> 0.41666667 | K16: ='[7]Template '!$C$32 -> 0.61029412 | L16: ='[7]Template '!$C$33 -> 0.59126984 | N16: ='[7]Template '!$C$74 -> 0.49545455 | O16: ='[7]Template '!$C$75 -> n/a | P16: ='[7]Template '!$C$76 -> 0.035714286 | Q16: ='[7]Template '!$C$77 -> 0.47619048 | R16: ='[7]Template '!$C$78 -> 0.44246032 | T16: ='[7]Template '!$C$96 -> 0.6875 | U16: ='[7]Template '!$C$97 -> 0.37407407 | V16: ='[7]Template '!$C$98 -> 0.5 | W16: ='[7]Template '!$C$99 -> 0.35425685 | X16: ='[7]Template '!$C$100 -> 0.51904762 | Z16: ='[7]Template '!$C$52 -> 0.68055556 | AA16: ='[7]Template '!$C$53 -> 0.37407407 | AB16: ='[7]Template '!$C$54 -> 0.5 | AC16: ='[7]Template '!$C$55 -> 0.27083333 | AD16: ='[7]Template '!$C$56 -> 0.65 | AF16: ='[7]Template '!$Z$30 -> 0 | AG16: ='[7]Template '!$AB$75 -> 0 | AH16: ='[7]Template '!$AD$75 -> 0 | AI16: ='[7]Template '!$AF$75 -> 0 | AJ16: ='[7]Template '!$AR$97 -> 0 | AK16: ='[7]Template '!$AS$97 -> 0 | AL16: ='[7]Template '!$AZ$97 -> 0 | AM16: ='[7]Template '!$BB$97 -> 0 | AN16: ='[7]Template '!$AU$53 -> 0 | AO16: ='[7]Template '!$AV$53 -> 0 | AP16: ='[7]Template '!$AY$53 -> 0 | AQ16: ='[7]Template '!$AX$53 -> 0 | AR16: ='[7]Template '!$AZ$53 -> 0 | AS16: ='[7]Template '!$BF$53 -> 0
B17: M_030 | D17: =CONCATENATE(B17,".xlsx") -> M_030.xlsx | F17: ='[8]Template '!$C$2 -> D+M | H17: ='[8]Template '!$C$29 -> 0.38888889 | I17: ='[8]Template '!$C$30 -> n/a | J17: ='[8]Template '!$C$31 -> 0.58333333 | K17: ='[8]Template '!$C$32 -> 0.51470588 | L17: ='[8]Template '!$C$33 -> 0.58333333 | N17: ='[8]Template '!$C$74 -> 0.65454545 | O17: ='[8]Template '!$C$75 -> n/a | P17: ='[8]Template '!$C$76 -> 0.5 | Q17: ='[8]Template '!$C$77 -> 0.48809524 | R17: ='[8]Template '!$C$78 -> 0.68253968 | T17: ='[8]Template '!$C$96 -> 0.70833333 | U17: ='[8]Template '!$C$97 -> 0.44444444 | V17: ='[8]Template '!$C$98 -> 0.25 | W17: ='[8]Template '!$C$99 -> 0.4387361 | X17: ='[8]Template '!$C$100 -> 0.70515873 | Z17: ='[8]Template '!$C$52 -> 0.70833333 | AA17: ='[8]Template '!$C$53 -> 0.44444444 | AB17: ='[8]Template '!$C$54 -> 0 | AC17: ='[8]Template '!$C$55 -> 0.52083333 | AD17: ='[8]Template '!$C$56 -> 0.68333333 | AF17: ='[8]Template '!$Z$30 -> 0 | AG17: ='[8]Template '!$AB$75 -> 0 | AH17: ='[8]Template '!$AD$75 -> 0 | AI17: ='[8]Template '!$AF$75 -> 0 | AJ17: ='[8]Template '!$AR$97 -> 0 | AK17: ='[8]Template '!$AS$97 -> 1 | AL17: ='[8]Template '!$AZ$97 -> 0 | AM17: ='[8]Template '!$BB$97 -> 0 | AN17: ='[8]Template '!$AU$53 -> 1 | AO17: ='[8]Template '!$AV$53 -> 0 | AP17: ='[8]Template '!$AY$53 -> 0 | AQ17: ='[8]Template '!$AX$53 -> 0 | AR17: ='[8]Template '!$AZ$53 -> 0 | AS17: ='[8]Template '!$BF$53 -> 0.5
B18: M_031 | D18: =CONCATENATE(B18,".xlsx") -> M_031.xlsx | F18: ='[9]Template '!$C$2 -> D only | H18: ='[9]Template '!$C$29 -> 0.66666667 | I18: ='[9]Template '!$C$30 -> n/a | J18: ='[9]Template '!$C$31 -> 0.58333333 | K18: ='[9]Template '!$C$32 -> 0.19117647 | L18: ='[9]Template '!$C$33 -> 0.3452381 | N18: ='[9]Template '!$C$74 -> 0.47272727 | O18: ='[9]Template '!$C$75 -> n/a | P18: ='[9]Template '!$C$76 -> 0.42857143 | Q18: ='[9]Template '!$C$77 -> 0.54761905 | R18: ='[9]Template '!$C$78 -> 0.36111111 | T18: ='[9]Template '!$C$96 -> 0.8 | U18: ='[9]Template '!$C$97 -> 0.38148148 | V18: ='[9]Template '!$C$98 -> 0.5 | W18: ='[9]Template '!$C$99 -> 0.20995671 | X18: ='[9]Template '!$C$100 -> 0.55555556 | Z18: ='[9]Template '!$C$52 -> 0.21349206 | AA18: ='[9]Template '!$C$53 -> 0.38148148 | AB18: ='[9]Template '!$C$54 -> 0.5 | AC18: ='[9]Template '!$C$55 -> 0.23958333 | AD18: ='[9]Template '!$C$56 -> 0.32777778 | AF18: ='[9]Template '!$Z$30 -> 0 | AG18: ='[9]Template '!$AB$75 -> 1 | AH18: ='[9]Template '!$AD$75 -> 0 | AI18: ='[9]Template '!$AF$75 -> 0 | AJ18: ='[9]Template '!$AR$97 -> 0 | AK18: ='[9]Template '!$AS$97 -> 1 | AL18: ='[9]Template '!$AZ$97 -> 0 | AM18: ='[9]Template '!$BB$97 -> 0 | AN18: ='[9]Template '!$AU$53 -> 0 | AO18: ='[9]Template '!$AV$53 -> 0 | AP18: ='[9]Template '!$AY$53 -> 0 | AQ18: ='[9]Template '!$AX$53 -> 0 | AR18: ='[9]Template '!$AZ$53 -> 0 | AS18: ='[9]Template '!$BF$53 -> 0
B19: M_032 | D19: =CONCATENATE(B19,".xlsx") -> M_032.xlsx | F19: ='[10]Template '!$C$2 -> D+M | H19: ='[10]Template '!$C$29 -> 0.41666667 | I19: ='[10]Template '!$C$30 -> n/a | J19: ='[10]Template '!$C$31 -> 0.25 | K19: ='[10]Template '!$C$32 -> 0.875 | L19: ='[10]Template '!$C$33 -> 0.95833333 | N19: ='[10]Template '!$C$74 -> 0.7 | O19: ='[10]Template '!$C$75 -> n/a | P19: ='[10]Template '!$C$76 -> 0.53571429 | Q19: ='[10]Template '!$C$77 -> 0.64285714 | R19: ='[10]Template '!$C$78 -> 0.83928571 | T19: ='[10]Template '!$C$96 -> 0.8 | U19: ='[10]Template '!$C$97 -> 0.57777778 | V19: ='[10]Template '!$C$98 -> 0.5 | W19: ='[10]Template '!$C$99 -> 0.78626602 | X19: ='[10]Template '!$C$100 -> 0.90714286 | Z19: ='[10]Template '!$C$52 -> 0.69444444 | AA19: ='[10]Template '!$C$53 -> 0.57777778 | AB19: ='[10]Template '!$C$54 -> 0.5 | AC19: ='[10]Template '!$C$55 -> 0.3125 | AD19: ='[10]Template '!$C$56 -> 0.90674603 | AF19: ='[10]Template '!$Z$30 -> 1 | AG19: ='[10]Template '!$AB$75 -> 0 | AH19: ='[10]Template '!$AD$75 -> 1 | AI19: ='[10]Template '!$AF$75 -> 0 | AJ19: ='[10]Template '!$AR$97 -> 1 | AK19: ='[10]Template '!$AS$97 -> 1 | AL19: ='[10]Template '!$AZ$97 -> 1 | AM19: ='[10]Template '!$BB$97 -> 1 | AN19: ='[10]Template '!$AU$53 -> 1 | AO19: ='[10]Template '!$AV$53 -> 1 | AP19: ='[10]Template '!$AY$53 -> 0.5 | AQ19: ='[10]Template '!$AX$53 -> 1 | AR19: ='[10]Template '!$AZ$53 -> 0 | AS19: ='[10]Template '!$BF$53 -> 0
B20: M_033 | D20: =CONCATENATE(B20,".xlsx") -> M_033.xlsx | F20: ='[11]Template '!$C$2 -> D only | H20: ='[11]Template '!$C$29 -> 0 | I20: ='[11]Template '!$C$30 -> n/a | J20: ='[11]Template '!$C$31 -> 0.41666667 | K20: ='[11]Template '!$C$32 -> 0.56617647 | L20: ='[11]Template '!$C$33 -> 0.65873016 | N20: ='[11]Template '!$C$74 -> 0.29090909 | O20: ='[11]Template '!$C$75 -> n/a | P20: ='[11]Template '!$C$76 -> 0.35714286 | Q20: ='[11]Template '!$C$77 -> 0.46428571 | R20: ='[11]Template '!$C$78 -> 0.62103175 | T20: ='[11]Template '!$C$96 -> 0.40625 | U20: ='[11]Template '!$C$97 -> 0.24444444 | V20: ='[11]Template '!$C$98 -> 0.5 | W20: ='[11]Template '!$C$99 -> 0.3001443 | X20: ='[11]Template '!$C$100 -> 0.63650794 | Z20: ='[11]Template '!$C$52 -> 0.14166667 | AA20: ='[11]Template '!$C$53 -> 0.24444444 | AB20: ='[11]Template '!$C$54 -> 0.5 | AC20: ='[11]Template '!$C$55 -> 0.25 | AD20: ='[11]Template '!$C$56 -> 0.6702381 | AF20: ='[11]Template '!$Z$30 -> 0 | AG20: ='[11]Template '!$AB$75 -> 0 | AH20: ='[11]Template '!$AD$75 -> 0 | AI20: ='[11]Template '!$AF$75 -> 0 | AJ20: ='[11]Template '!$AR$97 -> 0 | AK20: ='[11]Template '!$AS$97 -> 0 | AL20: ='[11]Template '!$AZ$97 -> 0 | AM20: ='[11]Template '!$BB$97 -> 0 | AN20: ='[11]Template '!$AU$53 -> 0 | AO20: ='[11]Template '!$AV$53 -> 0 | AP20: ='[11]Template '!$AY$53 -> 0 | AQ20: ='[11]Template '!$AX$53 -> 0 | AR20: ='[11]Template '!$AZ$53 -> 0 | AS20: ='[11]Template '!$BF$53 -> 0
B21: M_034 | D21: =CONCATENATE(B21,".xlsx") -> M_034.xlsx | F21: ='[12]Template '!$C$2 -> D+M | H21: ='[12]Template '!$C$29 -> 0.38888889 | I21: ='[12]Template '!$C$30 -> n/a | J21: ='[12]Template '!$C$31 -> 0.66666667 | K21: ='[12]Template '!$C$32 -> 0.60294118 | L21: ='[12]Template '!$C$33 -> 0.78968254 | N21: ='[12]Template '!$C$74 -> 0.63181818 | O21: ='[12]Template '!$C$75 -> n/a | P21: ='[12]Template '!$C$76 -> 0.21428571 | Q21: ='[12]Template '!$C$77 -> 0.48809524 | R21: ='[12]Template '!$C$78 -> 0.71031746 | T21: ='[12]Template '!$C$96 -> 0.71875 | U21: ='[12]Template '!$C$97 -> 0.47407407 | V21: ='[12]Template '!$C$98 -> 0.5 | W21: ='[12]Template '!$C$99 -> 0.44408369 | X21: ='[12]Template '!$C$100 -> 0.74246032 | Z21: ='[12]Template '!$C$52 -> 0.72222222 | AA21: ='[12]Template '!$C$53 -> 0.47407407 | AB21: ='[12]Template '!$C$54 -> 0.5 | AC21: ='[12]Template '!$C$55 -> 0.34375 | AD21: ='[12]Template '!$C$56 -> 0.84563492 | AF21: ='[12]Template '!$Z$30 -> 0 | AG21: ='[12]Template '!$AB$75 -> 0 | AH21: ='[12]Template '!$AD$75 -> 0 | AI21: ='[12]Template '!$AF$75 -> 0 | AJ21: ='[12]Template '!$AR$97 -> 0.5 | AK21: ='[12]Template '!$AS$97 -> 0 | AL21: ='[12]Template '!$AZ$97 -> 0 | AM21: ='[12]Template '!$BB$97 -> 0 | AN21: ='[12]Template '!$AU$53 -> 0.5 | AO21: ='[12]Template '!$AV$53 -> 0.5 | AP21: ='[12]Template '!$AY$53 -> 0 | AQ21: ='[12]Template '!$AX$53 -> 0 | AR21: ='[12]Template '!$AZ$53 -> 0 | AS21: ='[12]Template '!$BF$53 -> 0
B22: M_035 | D22: =CONCATENATE(B22,".xlsx") -> M_035.xlsx | F22: ='[13]Template '!$C$2 -> D only | H22: ='[13]Template '!$C$29 -> 0.27777778 | I22: ='[13]Template '!$C$30 -> n/a | J22: ='[13]Template '!$C$31 -> 0.33333333 | K22: ='[13]Template '!$C$32 -> 0.48529412 | L22: ='[13]Template '!$C$33 -> 0.50396825 | N22: ='[13]Template '!$C$74 -> 0.51818182 | O22: ='[13]Template '!$C$75 -> n/a | P22: ='[13]Template '!$C$76 -> 0 | Q22: ='[13]Template '!$C$77 -> 0.19047619 | R22: ='[13]Template '!$C$78 -> 0.25 | T22: ='[13]Template '!$C$96 -> 0.26041667 | U22: ='[13]Template '!$C$97 -> 0.27407407 | V22: ='[13]Template '!$C$98 -> 0.5 | W22: ='[13]Template '!$C$99 -> 0.060606061 | X22: ='[13]Template '!$C$100 -> 0.2015873 | Z22: ='[13]Template '!$C$52 -> 0 | AA22: ='[13]Template '!$C$53 -> 0.27407407 | AB22: ='[13]Template '!$C$54 -> 0 | AC22: ='[13]Template '!$C$55 -> 0 | AD22: ='[13]Template '!$C$56 -> 0.24166667 | AF22: ='[13]Template '!$Z$30 -> 0 | AG22: ='[13]Template '!$AB$75 -> 0 | AH22: ='[13]Template '!$AD$75 -> 0 | AI22: ='[13]Template '!$AF$75 -> 0 | AJ22: ='[13]Template '!$AR$97 -> 0 | AK22: ='[13]Template '!$AS$97 -> 0 | AL22: ='[13]Template '!$AZ$97 -> 0 | AM22: ='[13]Template '!$BB$97 -> 0 | AN22: ='[13]Template '!$AU$53 -> 0 | AO22: ='[13]Template '!$AV$53 -> 0 | AP22: ='[13]Template '!$AY$53 -> 0 | AQ22: ='[13]Template '!$AX$53 -> 0 | AR22: ='[13]Template '!$AZ$53 -> 0 | AS22: ='[13]Template '!$BF$53 -> 0
B23: M_036 | D23: =CONCATENATE(B23,".xlsx") -> M_036.xlsx | F23: ='[14]Template '!$C$2 -> D only | H23: ='[14]Template '!$C$29 -> 0.055555556 | I23: ='[14]Template '!$C$30 -> n/a | J23: ='[14]Template '!$C$31 -> 0.25 | K23: ='[14]Template '!$C$32 -> 0.41176471 | L23: ='[14]Template '!$C$33 -> 0.51388889 | N23: ='[14]Template '!$C$74 -> 0.38181818 | O23: ='[14]Template '!$C$75 -> n/a | P23: ='[14]Template '!$C$76 -> 0.14285714 | Q23: ='[14]Template '!$C$77 -> 0.5 | R23: ='[14]Template '!$C$78 -> 0.66666667 | T23: ='[14]Template '!$C$96 -> 0.19583333 | U23: ='[14]Template '!$C$97 -> 0.57777778 | V23: ='[14]Template '!$C$98 -> 0 | W23: ='[14]Template '!$C$99 -> 0.22222222 | X23: ='[14]Template '!$C$100 -> 0.47301587 | Z23: ='[14]Template '!$C$52 -> 0.27777778 | AA23: ='[14]Template '!$C$53 -> 0.57777778 | AB23: ='[14]Template '!$C$54 -> 0.25 | AC23: ='[14]Template '!$C$55 -> 0.27083333 | AD23: ='[14]Template '!$C$56 -> 0.47936508 | AF23: ='[14]Template '!$Z$30 -> 0 | AG23: ='[14]Template '!$AB$75 -> 0 | AH23: ='[14]Template '!$AD$75 -> 1 | AI23: ='[14]Template '!$AF$75 -> 0 | AJ23: ='[14]Template '!$AR$97 -> 0 | AK23: ='[14]Template '!$AS$97 -> 0 | AL23: ='[14]Template '!$AZ$97 -> 0 | AM23: ='[14]Template '!$BB$97 -> 0 | AN23: ='[14]Template '!$AU$53 -> 0 | AO23: ='[14]Template '!$AV$53 -> 0 | AP23: ='[14]Template '!$AY$53 -> 0 | AQ23: ='[14]Template '!$AX$53 -> 0 | AR23: ='[14]Template '!$AZ$53 -> 0.5 | AS23: ='[14]Template '!$BF$53 -> 0
B24: M_038 | D24: =CONCATENATE(B24,".xlsx") -> M_038.xlsx | F24: ='[15]Template '!$C$2 -> D+M | H24: ='[15]Template '!$C$29 -> 0.5 | I24: ='[15]Template '!$C$30 -> n/a | J24: ='[15]Template '!$C$31 -> 0.33333333 | K24: ='[15]Template '!$C$32 -> 0.60294118 | L24: ='[15]Template '!$C$33 -> 0.79365079 | N24: ='[15]Template '!$C$74 -> 0.51818182 | O24: ='[15]Template '!$C$75 -> n/a | P24: ='[15]Template '!$C$76 -> 0.46428571 | Q24: ='[15]Template '!$C$77 -> 0.5 | R24: ='[15]Template '!$C$78 -> 0.87301587 | T24: ='[15]Template '!$C$96 -> 0.35416667 | U24: ='[15]Template '!$C$97 -> 0.65185185 | V24: ='[15]Template '!$C$98 -> 0 | W24: ='[15]Template '!$C$99 -> 0.33706816 | X24: ='[15]Template '!$C$100 -> 0.9047619 | Z24: ='[15]Template '!$C$52 -> 0.49365079 | AA24: ='[15]Template '!$C$53 -> 0.65185185 | AB24: ='[15]Template '!$C$54 -> 0 | AC24: ='[15]Template '!$C$55 -> 0.33035714 | AD24: ='[15]Template '!$C$56 -> 0.81428571 | AF24: ='[15]Template '!$Z$30 -> 0 | AG24: ='[15]Template '!$AB$75 -> 0 | AH24: ='[15]Template '!$AD$75 -> 0 | AI24: ='[15]Template '!$AF$75 -> 0 | AJ24: ='[15]Template '!$AR$97 -> 0 | AK24: ='[15]Template '!$AS$97 -> 0 | AL24: ='[15]Template '!$AZ$97 -> 0 | AM24: ='[15]Template '!$BB$97 -> 0 | AN24: ='[15]Template '!$AU$53 -> 0 | AO24: ='[15]Template '!$AV$53 -> 0 | AP24: ='[15]Template '!$AY$53 -> 0 | AQ24: ='[15]Template '!$AX$53 -> 0 | AR24: ='[15]Template '!$AZ$53 -> 1 | AS24: ='[15]Template '!$BF$53 -> 0
B25: M_039 | D25: =CONCATENATE(B25,".xlsx") -> M_039.xlsx | F25: ='[16]Template '!$C$2 -> D only | H25: ='[16]Template '!$C$29 -> 0 | I25: ='[16]Template '!$C$30 -> n/a | J25: ='[16]Template '!$C$31 -> 0.25 | K25: ='[16]Template '!$C$32 -> 0.20588235 | L25: ='[16]Template '!$C$33 -> 0.4484127 | N25: ='[16]Template '!$C$74 -> 0.51818182 | O25: ='[16]Template '!$C$75 -> n/a | P25: ='[16]Template '!$C$76 -> 0.14285714 | Q25: ='[16]Template '!$C$77 -> 0.46428571 | R25: ='[16]Template '!$C$78 -> 0.50396825 | T25: ='[16]Template '!$C$96 -> 0.44583333 | U25: ='[16]Template '!$C$97 -> 0.37777778 | V25: ='[16]Template '!$C$98 -> 0.5 | W25: ='[16]Template '!$C$99 -> 0.43867244 | X25: ='[16]Template '!$C$100 -> 0.71349206 | Z25: ='[16]Template '!$C$52 -> 0.37698413 | AA25: ='[16]Template '!$C$53 -> 0.37777778 | AB25: ='[16]Template '!$C$54 -> 0 | AC25: ='[16]Template '!$C$55 -> 0.3125 | AD25: ='[16]Template '!$C$56 -> 0.54920635 | AF25: ='[16]Template '!$Z$30 -> 0 | AG25: ='[16]Template '!$AB$75 -> 0 | AH25: ='[16]Template '!$AD$75 -> 0 | AI25: ='[16]Template '!$AF$75 -> 0 | AJ25: ='[16]Template '!$AR$97 -> 0.5 | AK25: ='[16]Template '!$AS$97 -> 0 | AL25: ='[16]Template '!$AZ$97 -> 0.5 | AM25: ='[16]Template '!$BB$97 -> 0 | AN25: ='[16]Template '!$AU$53 -> 0 | AO25: ='[16]Template '!$AV$53 -> 0 | AP25: ='[16]Template '!$AY$53 -> 0 | AQ25: ='[16]Template '!$AX$53 -> 0 | AR25: ='[16]Template '!$AZ$53 -> 0 | AS25: ='[16]Template '!$BF$53 -> 0
B26: M_040 | D26: =CONCATENATE(B26,".xlsx") -> M_040.xlsx | F26: ='[17]Template '!$C$2 -> D only | H26: ='[17]Template '!$C$29 -> 0.33333333 | I26: ='[17]Template '!$C$30 -> n/a | J26: ='[17]Template '!$C$31 -> 0.58333333 | K26: ='[17]Template '!$C$32 -> 0.77205882 | L26: ='[17]Template '!$C$33 -> 0.66468254 | N26: ='[17]Template '!$C$74 -> 0.7 | O26: ='[17]Template '!$C$75 -> n/a | P26: ='[17]Template '!$C$76 -> 0.42857143 | Q26: ='[17]Template '!$C$77 -> 0.71428571 | R26: ='[17]Template '!$C$78 -> 0.85515873 | T26: ='[17]Template '!$C$96 -> 0.54166667 | U26: ='[17]Template '!$C$97 -> 0.5037037 | V26: ='[17]Template '!$C$98 -> 0.5 | W26: ='[17]Template '!$C$99 -> 0.40836941 | X26: ='[17]Template '!$C$100 -> 0.75396825 | Z26: ='[17]Template '!$C$52 -> 0.69444444 | AA26: ='[17]Template '!$C$53 -> 0.5037037 | AB26: ='[17]Template '!$C$54 -> 0.5 | AC26: ='[17]Template '!$C$55 -> 0.54464286 | AD26: ='[17]Template '!$C$56 -> 0.7484127 | AF26: ='[17]Template '!$Z$30 -> 0.5 | AG26: ='[17]Template '!$AB$75 -> 1 | AH26: ='[17]Template '!$AD$75 -> 1 | AI26: ='[17]Template '!$AF$75 -> 1 | AJ26: ='[17]Template '!$AR$97 -> 0.5 | AK26: ='[17]Template '!$AS$97 -> 0 | AL26: ='[17]Template '!$AZ$97 -> 0 | AM26: ='[17]Template '!$BB$97 -> 0 | AN26: ='[17]Template '!$AU$53 -> 1 | AO26: ='[17]Template '!$AV$53 -> 0 | AP26: ='[17]Template '!$AY$53 -> 0 | AQ26: ='[17]Template '!$AX$53 -> 0 | AR26: ='[17]Template '!$AZ$53 -> 0 | AS26: ='[17]Template '!$BF$53 -> 0.5
B27: M_041 | D27: =CONCATENATE(B27,".xlsx") -> M_041.xlsx | F27: ='[18]Template '!$C$2 -> D only | H27: ='[18]Template '!$C$29 -> 0.11111111 | I27: ='[18]Template '!$C$30 -> n/a | J27: ='[18]Template '!$C$31 -> 0.58333333 | K27: ='[18]Template '!$C$32 -> 0.66911765 | L27: ='[18]Template '!$C$33 -> 0.57936508 | N27: ='[18]Template '!$C$74 -> 0.23636364 | O27: ='[18]Template '!$C$75 -> n/a | P27: ='[18]Template '!$C$76 -> 0.46428571 | Q27: ='[18]Template '!$C$77 -> 0.46428571 | R27: ='[18]Template '!$C$78 -> 0.60119048 | T27: ='[18]Template '!$C$96 -> 0.37291667 | U27: ='[18]Template '!$C$97 -> 0.60740741 | V27: ='[18]Template '!$C$98 -> 0.5 | W27: ='[18]Template '!$C$99 -> 0.4505772 | X27: ='[18]Template '!$C$100 -> 0.7031746 | Z27: ='[18]Template '!$C$52 -> 0.31507937 | AA27: ='[18]Template '!$C$53 -> 0.60740741 | AB27: ='[18]Template '!$C$54 -> 0.5 | AC27: ='[18]Template '!$C$55 -> 0.125 | AD27: ='[18]Template '!$C$56 -> 0.71904762 | AF27: ='[18]Template '!$Z$30 -> 0 | AG27: ='[18]Template '!$AB$75 -> 0 | AH27: ='[18]Template '!$AD$75 -> 0 | AI27: ='[18]Template '!$AF$75 -> 0 | AJ27: ='[18]Template '!$AR$97 -> 0 | AK27: ='[18]Template '!$AS$97 -> 0.5 | AL27: ='[18]Template '!$AZ$97 -> 0 | AM27: ='[18]Template '!$BB$97 -> 0 | AN27: ='[18]Template '!$AU$53 -> 0 | AO27: ='[18]Template '!$AV$53 -> 0 | AP27: ='[18]Template '!$AY$53 -> 0 | AQ27: ='[18]Template '!$AX$53 -> 0 | AR27: ='[18]Template '!$AZ$53 -> 0 | AS27: ='[18]Template '!$BF$53 -> 0
B28: M_045 | D28: =CONCATENATE(B28,".xlsx") -> M_045.xlsx | F28: ='[19]Template '!$C$2 -> D+M | H28: ='[19]Template '!$C$29 -> 0.38888889 | I28: ='[19]Template '!$C$30 -> n/a | J28: ='[19]Template '!$C$31 -> 0.66666667 | K28: ='[19]Template '!$C$32 -> 0.54411765 | L28: ='[19]Template '!$C$33 -> 0.79960317 | N28: ='[19]Template '!$C$74 -> 0.54090909 | O28: ='[19]Template '!$C$75 -> n/a | P28: ='[19]Template '!$C$76 -> 0.39285714 | Q28: ='[19]Template '!$C$77 -> 0.47619048 | R28: ='[19]Template '!$C$78 -> 0.75595238 | T28: ='[19]Template '!$C$96 -> 0.75 | U28: ='[19]Template '!$C$97 -> 0.44444444 | V28: ='[19]Template '!$C$98 -> 0.5 | W28: ='[19]Template '!$C$99 -> 0.7027417 | X28: ='[19]Template '!$C$100 -> 0.8452381 | Z28: ='[19]Template '!$C$52 -> 0.66666667 | AA28: ='[19]Template '!$C$53 -> 0.44444444 | AB28: ='[19]Template '!$C$54 -> 0.5 | AC28: ='[19]Template '!$C$55 -> 0.33333333 | AD28: ='[19]Template '!$C$56 -> 0.88293651 | AF28: ='[19]Template '!$Z$30 -> 0 | AG28: ='[19]Template '!$AB$75 -> 0 | AH28: ='[19]Template '!$AD$75 -> 0 | AI28: ='[19]Template '!$AF$75 -> 0 | AJ28: ='[19]Template '!$AR$97 -> 0.5 | AK28: ='[19]Template '!$AS$97 -> 0 | AL28: ='[19]Template '!$AZ$97 -> 0.5 | AM28: ='[19]Template '!$BB$97 -> 1 | AN28: ='[19]Template '!$AU$53 -> 1 | AO28: ='[19]Template '!$AV$53 -> 1 | AP28: ='[19]Template '!$AY$53 -> 1 | AQ28: ='[19]Template '!$AX$53 -> 0 | AR28: ='[19]Template '!$AZ$53 -> 0 | AS28: ='[19]Template '!$BF$53 -> 0
B29: M_046 | D29: =CONCATENATE(B29,".xlsx") -> M_046.xlsx | F29: ='[20]Template '!$C$2 -> D+M | H29: ='[20]Template '!$C$29 -> 0.38888889 | I29: ='[20]Template '!$C$30 -> n/a | J29: ='[20]Template '!$C$31 -> 0.66666667 | K29: ='[20]Template '!$C$32 -> 0.72794118 | L29: ='[20]Template '!$C$33 -> 0.77777778 | N29: ='[20]Template '!$C$74 -> 0.7 | O29: ='[20]Template '!$C$75 -> n/a | P29: ='[20]Template '!$C$76 -> 0.53571429 | Q29: ='[20]Template '!$C$77 -> 0.61904762 | R29: ='[20]Template '!$C$78 -> 0.85119048 | T29: ='[20]Template '!$C$96 -> 0.75 | U29: ='[20]Template '!$C$97 -> 0.31111111 | V29: ='[20]Template '!$C$98 -> 0.5 | W29: ='[20]Template '!$C$99 -> 0.88888889 | X29: ='[20]Template '!$C$100 -> 0.9702381 | Z29: ='[20]Template '!$C$52 -> 0.75 | AA29: ='[20]Template '!$C$53 -> 0.31111111 | AB29: ='[20]Template '!$C$54 -> 0.5 | AC29: ='[20]Template '!$C$55 -> 0.70238095 | AD29: ='[20]Template '!$C$56 -> 0.90079365 | AF29: ='[20]Template '!$Z$30 -> 0 | AG29: ='[20]Template '!$AB$75 -> 0 | AH29: ='[20]Template '!$AD$75 -> 1 | AI29: ='[20]Template '!$AF$75 -> 0 | AJ29: ='[20]Template '!$AR$97 -> 1 | AK29: ='[20]Template '!$AS$97 -> 1 | AL29: ='[20]Template '!$AZ$97 -> 1 | AM29: ='[20]Template '!$BB$97 -> 1 | AN29: ='[20]Template '!$AU$53 -> 1 | AO29: ='[20]Template '!$AV$53 -> 1 | AP29: ='[20]Template '!$AY$53 -> 0 | AQ29: ='[20]Template '!$AX$53 -> 0 | AR29: ='[20]Template '!$AZ$53 -> 0 | AS29: ='[20]Template '!$BF$53 -> 1
B30: M_047 | D30: =CONCATENATE(B30,".xlsx") -> M_047.xlsx | F30: ='[21]Template '!$C$2 -> D+M | H30: ='[21]Template '!$C$29 -> 0.88888889 | I30: ='[21]Template '!$C$30 -> n/a | J30: ='[21]Template '!$C$31 -> 0.33333333 | K30: ='[21]Template '!$C$32 -> 0.72794118 | L30: ='[21]Template '!$C$33 -> 0.81746032 | N30: ='[21]Template '!$C$74 -> 0.51818182 | O30: ='[21]Template '!$C$75 -> n/a | P30: ='[21]Template '!$C$76 -> 0.28571429 | Q30: ='[21]Template '!$C$77 -> 0.5 | R30: ='[21]Template '!$C$78 -> 0.72619048 | T30: ='[21]Template '!$C$96 -> 0.46875 | U30: ='[21]Template '!$C$97 -> 0.31111111 | V30: ='[21]Template '!$C$98 -> 0 | W30: ='[21]Template '!$C$99 -> 0.61832612 | X30: ='[21]Template '!$C$100 -> 0.87142857 | Z30: ='[21]Template '!$C$52 -> 0.75 | AA30: ='[21]Template '!$C$53 -> 0.31111111 | AB30: ='[21]Template '!$C$54 -> 0 | AC30: ='[21]Template '!$C$55 -> 0.52380952 | AD30: ='[21]Template '!$C$56 -> 0.94047619 | AF30: ='[21]Template '!$Z$30 -> 0 | AG30: ='[21]Template '!$AB$75 -> 0 | AH30: ='[21]Template '!$AD$75 -> 0 | AI30: ='[21]Template '!$AF$75 -> 0 | AJ30: ='[21]Template '!$AR$97 -> 1 | AK30: ='[21]Template '!$AS$97 -> 1 | AL30: ='[21]Template '!$AZ$97 -> 0.5 | AM30: ='[21]Template '!$BB$97 -> 1 | AN30: ='[21]Template '!$AU$53 -> 0.5 | AO30: ='[21]Template '!$AV$53 -> 0 | AP30: ='[21]Template '!$AY$53 -> 0 | AQ30: ='[21]Template '!$AX$53 -> 0 | AR30: ='[21]Template '!$AZ$53 -> 0 | AS30: ='[21]Template '!$BF$53 -> 0.5
B31: M_048 | D31: =CONCATENATE(B31,".xlsx") -> M_048.xlsx | F31: ='[22]Template '!$C$2 -> D only | H31: ='[22]Template '!$C$29 -> 0.11111111 | I31: ='[22]Template '!$C$30 -> n/a | J31: ='[22]Template '!$C$31 -> 0.25 | K31: ='[22]Template '!$C$32 -> 0.48529412 | L31: ='[22]Template '!$C$33 -> 0.26785714 | N31: ='[22]Template '!$C$74 -> 0.29090909 | O31: ='[22]Template '!$C$75 -> n/a | P31: ='[22]Template '!$C$76 -> 0.28571429 | Q31: ='[22]Template '!$C$77 -> 0.54613095 | R31: ='[22]Template '!$C$78 -> 0.41071429 | T31: ='[22]Template '!$C$96 -> 0.3125 | U31: ='[22]Template '!$C$97 -> 0.3 | V31: ='[22]Template '!$C$98 -> 0.5 | W31: ='[22]Template '!$C$99 -> 0.2979798 | X31: ='[22]Template '!$C$100 -> 0.42698413 | Z31: ='[22]Template '!$C$52 -> 0.33333333 | AA31: ='[22]Template '!$C$53 -> 0.3 | AB31: ='[22]Template '!$C$54 -> 0.5 | AC31: ='[22]Template '!$C$55 -> 0.20833333 | AD31: ='[22]Template '!$C$56 -> 0.29047619 | AF31: ='[22]Template '!$Z$30 -> 0 | AG31: ='[22]Template '!$AB$75 -> 1 | AH31: ='[22]Template '!$AD$75 -> 0.5 | AI31: ='[22]Template '!$AF$75 -> 0 | AJ31: ='[22]Template '!$AR$97 -> 0 | AK31: ='[22]Template '!$AS$97 -> 0 | AL31: ='[22]Template '!$AZ$97 -> 0 | AM31: ='[22]Template '!$BB$97 -> 0 | AN31: ='[22]Template '!$AU$53 -> 0 | AO31: ='[22]Template '!$AV$53 -> 0 | AP31: ='[22]Template '!$AY$53 -> 0 | AQ31: ='[22]Template '!$AX$53 -> 0 | AR31: ='[22]Template '!$AZ$53 -> 0 | AS31: ='[22]Template '!$BF$53 -> 0
B32: M_049 | D32: =CONCATENATE(B32,".xlsx") -> M_049.xlsx | F32: ='[23]Template '!$C$2 -> D only | H32: ='[23]Template '!$C$29 -> 0 | I32: ='[23]Template '!$C$30 -> n/a | J32: ='[23]Template '!$C$31 -> 0.41666667 | K32: ='[23]Template '!$C$32 -> 0.39705882 | L32: ='[23]Template '!$C$33 -> 0.13293651 | N32: ='[23]Template '!$C$74 -> 0.29090909 | O32: ='[23]Template '!$C$75 -> n/a | P32: ='[23]Template '!$C$76 -> 0.39285714 | Q32: ='[23]Template '!$C$77 -> 0.5 | R32: ='[23]Template '!$C$78 -> 0.33928571 | T32: ='[23]Template '!$C$96 -> 0.16666667 | U32: ='[23]Template '!$C$97 -> 0.26666667 | V32: ='[23]Template '!$C$98 -> 0.5 | W32: ='[23]Template '!$C$99 -> 0.03030303 | X32: ='[23]Template '!$C$100 -> 0.15873016 | Z32: ='[23]Template '!$C$52 -> 0 | AA32: ='[23]Template '!$C$53 -> 0.26666667 | AB32: ='[23]Template '!$C$54 -> 0.5 | AC32: ='[23]Template '!$C$55 -> 0.16666667 | AD32: ='[23]Template '!$C$56 -> 0.31468254 | AF32: ='[23]Template '!$Z$30 -> 0 | AG32: ='[23]Template '!$AB$75 -> 0 | AH32: ='[23]Template '!$AD$75 -> 0 | AI32: ='[23]Template '!$AF$75 -> 0 | AJ32: ='[23]Template '!$AR$97 -> 0 | AK32: ='[23]Template '!$AS$97 -> 0 | AL32: ='[23]Template '!$AZ$97 -> 0 | AM32: ='[23]Template '!$BB$97 -> 0 | AN32: ='[23]Template '!$AU$53 -> 0 | AO32: ='[23]Template '!$AV$53 -> 0 | AP32: ='[23]Template '!$AY$53 -> 0 | AQ32: ='[23]Template '!$AX$53 -> 0 | AR32: ='[23]Template '!$AZ$53 -> 0 | AS32: ='[23]Template '!$BF$53 -> 0
B33: M_083 | D33: =CONCATENATE(B33,".xlsx") -> M_083.xlsx | F33: ='[24]Template '!$C$2 -> D+M | H33: ='[24]Template '!$C$29 -> 0.22222222 | I33: ='[24]Template '!$C$30 -> n/a | J33: ='[24]Template '!$C$31 -> 0 | K33: ='[24]Template '!$C$32 -> 0.60294118 | L33: ='[24]Template '!$C$33 -> 0.88492063 | N33: ='[24]Template '!$C$74 -> 0.60909091 | O33: ='[24]Template '!$C$75 -> n/a | P33: ='[24]Template '!$C$76 -> 0.21428571 | Q33: ='[24]Template '!$C$77 -> 0.52380952 | R33: ='[24]Template '!$C$78 -> 0.77380952 | T33: ='[24]Template '!$C$96 -> 0.4375 | U33: ='[24]Template '!$C$97 -> 0.51111111 | V33: ='[24]Template '!$C$98 -> 0.5 | W33: ='[24]Template '!$C$99 -> 0.64646465 | X33: ='[24]Template '!$C$100 -> 0.97619048 | Z33: ='[24]Template '!$C$52 -> 0.20555556 | AA33: ='[24]Template '!$C$53 -> 0.51111111 | AB33: ='[24]Template '!$C$54 -> 0 | AC33: ='[24]Template '!$C$55 -> 0.41666667 | AD33: ='[24]Template '!$C$56 -> 0.90873016 | AF33: ='[24]Template '!$Z$30 -> 0 | AG33: ='[24]Template '!$AB$75 -> 0 | AH33: ='[24]Template '!$AD$75 -> 0 | AI33: ='[24]Template '!$AF$75 -> 0 | AJ33: ='[24]Template '!$AR$97 -> 1 | AK33: ='[24]Template '!$AS$97 -> 1 | AL33: ='[24]Template '!$AZ$97 -> 0 | AM33: ='[24]Template '!$BB$97 -> 0 | AN33: ='[24]Template '!$AU$53 -> 1 | AO33: ='[24]Template '!$AV$53 -> 1 | AP33: ='[24]Template '!$AY$53 -> 0 | AQ33: ='[24]Template '!$AX$53 -> 1 | AR33: ='[24]Template '!$AZ$53 -> 0 | AS33: ='[24]Template '!$BF$53 -> 0
B34: M_084 | D34: =CONCATENATE(B34,".xlsx") -> M_084.xlsx | F34: ='[25]Template '!$C$2 -> D only | H34: ='[25]Template '!$C$29 -> 0.25 | I34: ='[25]Template '!$C$30 -> n/a | J34: ='[25]Template '!$C$31 -> 0.41666667 | K34: ='[25]Template '!$C$32 -> 0.63235294 | L34: ='[25]Template '!$C$33 -> 0.52579365 | N34: ='[25]Template '!$C$74 -> 0.38181818 | O34: ='[25]Template '!$C$75 -> n/a | P34: ='[25]Template '!$C$76 -> 0.48214286 | Q34: ='[25]Template '!$C$77 -> 0.54761905 | R34: ='[25]Template '!$C$78 -> 0.51984127 | T34: ='[25]Template '!$C$96 -> 0.4375 | U34: ='[25]Template '!$C$97 -> 0.34444444 | V34: ='[25]Template '!$C$98 -> 0.5 | W34: ='[25]Template '!$C$99 -> 0.48088023 | X34: ='[25]Template '!$C$100 -> 0.65992063 | Z34: ='[25]Template '!$C$52 -> 0.375 | AA34: ='[25]Template '!$C$53 -> 0.34444444 | AB34: ='[25]Template '!$C$54 -> 0.5 | AC34: ='[25]Template '!$C$55 -> 0.375 | AD34: ='[25]Template '!$C$56 -> 0.43650794 | AF34: ='[25]Template '!$Z$30 -> 1 | AG34: ='[25]Template '!$AB$75 -> 1 | AH34: ='[25]Template '!$AD$75 -> 0 | AI34: ='[25]Template '!$AF$75 -> 0 | AJ34: ='[25]Template '!$AR$97 -> 1 | AK34: ='[25]Template '!$AS$97 -> 0 | AL34: ='[25]Template '!$AZ$97 -> 1 | AM34: ='[25]Template '!$BB$97 -> 0 | AN34: ='[25]Template '!$AU$53 -> 1 | AO34: ='[25]Template '!$AV$53 -> 1 | AP34: ='[25]Template '!$AY$53 -> 0 | AQ34: ='[25]Template '!$AX$53 -> 0 | AR34: ='[25]Template '!$AZ$53 -> 0 | AS34: ='[25]Template '!$BF$53 -> 0
B35: M_085 | D35: =CONCATENATE(B35,".xlsx") -> M_085.xlsx | F35: ='[26]Template '!$C$2 -> D+M | H35: ='[26]Template '!$C$29 -> 0.44444444 | I35: ='[26]Template '!$C$30 -> n/a | J35: ='[26]Template '!$C$31 -> 0 | K35: ='[26]Template '!$C$32 -> 0.68954248 | L35: ='[26]Template '!$C$33 -> 0.6468254 | N35: ='[26]Template '!$C$74 -> 0.7 | O35: ='[26]Template '!$C$75 -> n/a | P35: ='[26]Template '!$C$76 -> 0.35714286 | Q35: ='[26]Template '!$C$77 -> 0.5922619 | R35: ='[26]Template '!$C$78 -> 0.53571429 | T35: ='[26]Template '!$C$96 -> 0.75 | U35: ='[26]Template '!$C$97 -> 0.51851852 | V35: ='[26]Template '!$C$98 -> 0 | W35: ='[26]Template '!$C$99 -> 0.45598846 | X35: ='[26]Template '!$C$100 -> 0.74761905 | Z35: ='[26]Template '!$C$52 -> 0.47222222 | AA35: ='[26]Template '!$C$53 -> 0.51851852 | AB35: ='[26]Template '!$C$54 -> 0 | AC35: ='[26]Template '!$C$55 -> 0.31018519 | AD35: ='[26]Template '!$C$56 -> 0.61269841 | AF35: ='[26]Template '!$Z$30 -> 0 | AG35: ='[26]Template '!$AB$75 -> 0 | AH35: ='[26]Template '!$AD$75 -> 0 | AI35: ='[26]Template '!$AF$75 -> 0 | AJ35: ='[26]Template '!$AR$97 -> 0 | AK35: ='[26]Template '!$AS$97 -> 1 | AL35: ='[26]Template '!$AZ$97 -> 0 | AM35: ='[26]Template '!$BB$97 -> 0 | AN35: ='[26]Template '!$AU$53 -> 1 | AO35: ='[26]Template '!$AV$53 -> 1 | AP35: ='[26]Template '!$AY$53 -> 0 | AQ35: ='[26]Template '!$AX$53 -> 0 | AR35: ='[26]Template '!$AZ$53 -> 0 | AS35: ='[26]Template '!$BF$53 -> 0
B36: M_086 | D36: =CONCATENATE(B36,".xlsx") -> M_086.xlsx | F36: =#REF! -> #REF! | H36: =#REF! -> #REF! | I36: =#REF! -> #REF! | J36: =#REF! -> #REF! | K36: =#REF! -> #REF! | L36: =#REF! -> #REF! | N36: =#REF! -> #REF! | O36: =#REF! -> #REF! | P36: =#REF! -> #REF! | Q36: =#REF! -> #REF! | R36: =#REF! -> #REF! | T36: =#REF! -> #REF! | U36: =#REF! -> #REF! | V36: =#REF! -> #REF! | W36: =#REF! -> #REF! | X36: =#REF! -> #REF! | Z36: =#REF! -> #REF! | AA36: =#REF! -> #REF! | AB36: =#REF! -> #REF! | AC36: =#REF! -> #REF! | AD36: =#REF! -> #REF! | AF36: =#REF! -> #REF! | AG36: =#REF! -> #REF! | AH36: =#REF! -> #REF! | AI36: =#REF! -> #REF! | AJ36: =#REF! -> #REF! | AK36: =#REF! -> #REF! | AL36: =#REF! -> #REF! | AM36: =#REF! -> #REF! | ... AS36: =#REF! -> #REF!
B37: M_087 | D37: =CONCATENATE(B37,".xlsx") -> M_087.xlsx | F37: =#REF! -> #REF! | H37: =#REF! -> #REF! | I37: =#REF! -> #REF! | J37: =#REF! -> #REF! | K37: =#REF! -> #REF! | L37: =#REF! -> #REF! | N37: =#REF! -> #REF! | O37: =#REF! -> #REF! | P37: =#REF! -> #REF! | Q37: =#REF! -> #REF! | R37: =#REF! -> #REF! | T37: =#REF! -> #REF! | U37: =#REF! -> #REF! | V37: =#REF! -> #REF! | W37: =#REF! -> #REF! | X37: =#REF! -> #REF! | Z37: =#REF! -> #REF! | AA37: =#REF! -> #REF! | AB37: =#REF! -> #REF! | AC37: =#REF! -> #REF! | AD37: =#REF! -> #REF! | AF37: =#REF! -> #REF! | AG37: =#REF! -> #REF! | AH37: =#REF! -> #REF! | AI37: =#REF! -> #REF! | AJ37: =#REF! -> #REF! | AK37: =#REF! -> #REF! | AL37: =#REF! -> #REF! | AM37: =#REF! -> #REF! | ... AS37: =#REF! -> #REF!
B38: M_089 | D38: =CONCATENATE(B38,".xlsx") -> M_089.xlsx | F38: ='[27]Template '!$C$2 -> D only | H38: ='[27]Template '!$C$29 -> 0.11111111 | I38: ='[27]Template '!$C$30 -> n/a | J38: ='[27]Template '!$C$31 -> 0.58333333 | K38: ='[27]Template '!$C$32 -> 0.54411765 | L38: ='[27]Template '!$C$33 -> 0.71428571 | N38: ='[27]Template '!$C$74 -> 0.24545455 | O38: ='[27]Template '!$C$75 -> n/a | P38: ='[27]Template '!$C$76 -> 0.60714286 | Q38: ='[27]Template '!$C$77 -> 0.47619048 | R38: ='[27]Template '!$C$78 -> 0.76190476 | T38: ='[27]Template '!$C$96 -> 0.8 | U38: ='[27]Template '!$C$97 -> 0.5037037 | V38: ='[27]Template '!$C$98 -> 0.5 | W38: ='[27]Template '!$C$99 -> 0.6010101 | X38: ='[27]Template '!$C$100 -> 0.89761905 | Z38: ='[27]Template '!$C$52 -> 0.40952381 | AA38: ='[27]Template '!$C$53 -> 0.5037037 | AB38: ='[27]Template '!$C$54 -> 0.5 | AC38: ='[27]Template '!$C$55 -> 0.3125 | AD38: ='[27]Template '!$C$56 -> 0.87380952 | AF38: ='[27]Template '!$Z$30 -> 0 | AG38: ='[27]Template '!$AB$75 -> 0 | AH38: ='[27]Template '!$AD$75 -> 0 | AI38: ='[27]Template '!$AF$75 -> 0 | AJ38: ='[27]Template '!$AR$97 -> 1 | AK38: ='[27]Template '!$AS$97 -> 1 | AL38: ='[27]Template '!$AZ$97 -> 1 | AM38: ='[27]Template '!$BB$97 -> 1 | AN38: ='[27]Template '!$AU$53 -> 1 | AO38: ='[27]Template '!$AV$53 -> 0 | AP38: ='[27]Template '!$AY$53 -> 0 | AQ38: ='[27]Template '!$AX$53 -> 0 | AR38: ='[27]Template '!$AZ$53 -> 0 | AS38: ='[27]Template '!$BF$53 -> 0
B39: M_090 | D39: =CONCATENATE(B39,".xlsx") -> M_090.xlsx | F39: ='[28]Template '!$C$2 -> D+M | H39: ='[28]Template '!$C$29 -> 0.38888889 | I39: ='[28]Template '!$C$30 -> n/a | J39: ='[28]Template '!$C$31 -> 0.58333333 | K39: ='[28]Template '!$C$32 -> 0.54411765 | L39: ='[28]Template '!$C$33 -> 0.54761905 | N39: ='[28]Template '!$C$74 -> 0.7 | O39: ='[28]Template '!$C$75 -> n/a | P39: ='[28]Template '!$C$76 -> 0.46428571 | Q39: ='[28]Template '!$C$77 -> 0.61904762 | R39: ='[28]Template '!$C$78 -> 0.78571429 | T39: ='[28]Template '!$C$96 -> 0.66666667 | U39: ='[28]Template '!$C$97 -> 0.24444444 | V39: ='[28]Template '!$C$98 -> 0.5 | W39: ='[28]Template '!$C$99 -> 0.5036075 | X39: ='[28]Template '!$C$100 -> 0.56666667 | Z39: ='[28]Template '!$C$52 -> 0.64444444 | AA39: ='[28]Template '!$C$53 -> 0.24444444 | AB39: ='[28]Template '!$C$54 -> 0.5 | AC39: ='[28]Template '!$C$55 -> 0.1875 | AD39: ='[28]Template '!$C$56 -> 0.70198413 | AF39: ='[28]Template '!$Z$30 -> 0 | AG39: ='[28]Template '!$AB$75 -> 0.5 | AH39: ='[28]Template '!$AD$75 -> 0.5 | AI39: ='[28]Template '!$AF$75 -> 0 | AJ39: ='[28]Template '!$AR$97 -> 1 | AK39: ='[28]Template '!$AS$97 -> 1 | AL39: ='[28]Template '!$AZ$97 -> 0 | AM39: ='[28]Template '!$BB$97 -> 0 | AN39: ='[28]Template '!$AU$53 -> 0 | AO39: ='[28]Template '!$AV$53 -> 0 | AP39: ='[28]Template '!$AY$53 -> 0 | AQ39: ='[28]Template '!$AX$53 -> 0 | AR39: ='[28]Template '!$AZ$53 -> 0 | AS39: ='[28]Template '!$BF$53 -> 0
B40: M_091 | D40: =CONCATENATE(B40,".xlsx") -> M_091.xlsx | F40: ='[29]Template '!$C$2 -> D+M | H40: ='[29]Template '!$C$29 -> 0.27777778 | I40: ='[29]Template '!$C$30 -> n/a | J40: ='[29]Template '!$C$31 -> 0.58333333 | K40: ='[29]Template '!$C$32 -> 0.54411765 | L40: ='[29]Template '!$C$33 -> 0.80952381 | N40: ='[29]Template '!$C$74 -> 0.7 | O40: ='[29]Template '!$C$75 -> n/a | P40: ='[29]Template '!$C$76 -> 0.46428571 | Q40: ='[29]Template '!$C$77 -> 0.64285714 | R40: ='[29]Template '!$C$78 -> 0.93253968 | T40: ='[29]Template '!$C$96 -> 0.75 | U40: ='[29]Template '!$C$97 -> 0.58518519 | V40: ='[29]Template '!$C$98 -> 0.5 | W40: ='[29]Template '!$C$99 -> 0.74603175 | X40: ='[29]Template '!$C$100 -> 0.98809524 | Z40: ='[29]Template '!$C$52 -> 0.7 | AA40: ='[29]Template '!$C$53 -> 0.58518519 | AB40: ='[29]Template '!$C$54 -> 0.5 | AC40: ='[29]Template '!$C$55 -> 0.45833333 | AD40: ='[29]Template '!$C$56 -> 0.90952381 | AF40: ='[29]Template '!$Z$30 -> 0 | AG40: ='[29]Template '!$AB$75 -> 0 | AH40: ='[29]Template '!$AD$75 -> 1 | AI40: ='[29]Template '!$AF$75 -> 0 | AJ40: ='[29]Template '!$AR$97 -> 1 | AK40: ='[29]Template '!$AS$97 -> 1 | AL40: ='[29]Template '!$AZ$97 -> 1 | AM40: ='[29]Template '!$BB$97 -> 1 | AN40: ='[29]Template '!$AU$53 -> 1 | AO40: ='[29]Template '!$AV$53 -> 1 | AP40: ='[29]Template '!$AY$53 -> 1 | AQ40: ='[29]Template '!$AX$53 -> 0 | AR40: ='[29]Template '!$AZ$53 -> 0 | AS40: ='[29]Template '!$BF$53 -> 0
B41: M_092 | D41: =CONCATENATE(B41,".xlsx") -> M_092.xlsx | F41: ='[30]Template '!$C$2 -> D only | H41: ='[30]Template '!$C$29 -> 0.11111111 | I41: ='[30]Template '!$C$30 -> n/a | J41: ='[30]Template '!$C$31 -> 0.58333333 | K41: ='[30]Template '!$C$32 -> 0.69117647 | L41: ='[30]Template '!$C$33 -> 0.92063492 | N41: ='[30]Template '!$C$74 -> 0.29090909 | O41: ='[30]Template '!$C$75 -> n/a | P41: ='[30]Template '!$C$76 -> 0.46428571 | Q41: ='[30]Template '!$C$77 -> 0.47619048 | R41: ='[30]Template '!$C$78 -> 0.71825397 | T41: ='[30]Template '!$C$96 -> 0.60416667 | U41: ='[30]Template '!$C$97 -> 0.20740741 | V41: ='[30]Template '!$C$98 -> 0.5 | W41: ='[30]Template '!$C$99 -> 0.55339105 | X41: ='[30]Template '!$C$100 -> 0.84126984 | Z41: ='[30]Template '!$C$52 -> 0.58333333 | AA41: ='[30]Template '!$C$53 -> 0.20740741 | AB41: ='[30]Template '!$C$54 -> 0.5 | AC41: ='[30]Template '!$C$55 -> 0.57142857 | AD41: ='[30]Template '!$C$56 -> 0.97619048 | AF41: ='[30]Template '!$Z$30 -> 1 | AG41: ='[30]Template '!$AB$75 -> 0 | AH41: ='[30]Template '!$AD$75 -> 0 | AI41: ='[30]Template '!$AF$75 -> 0 | AJ41: ='[30]Template '!$AR$97 -> 0 | AK41: ='[30]Template '!$AS$97 -> 1 | AL41: ='[30]Template '!$AZ$97 -> 1 | AM41: ='[30]Template '!$BB$97 -> 1 | AN41: ='[30]Template '!$AU$53 -> 1 | AO41: ='[30]Template '!$AV$53 -> 1 | AP41: ='[30]Template '!$AY$53 -> 0 | AQ41: ='[30]Template '!$AX$53 -> 1 | AR41: ='[30]Template '!$AZ$53 -> 0 | AS41: ='[30]Template '!$BF$53 -> 1
B42: M_093 | D42: =CONCATENATE(B42,".xlsx") -> M_093.xlsx | F42: ='[31]Template '!$C$2 -> D only | H42: ='[31]Template '!$C$29 -> 0 | I42: ='[31]Template '!$C$30 -> n/a | J42: ='[31]Template '!$C$31 -> 0.58333333 | K42: ='[31]Template '!$C$32 -> 0.11764706 | L42: ='[31]Template '!$C$33 -> 0.27380952 | N42: ='[31]Template '!$C$74 -> 0.60909091 | O42: ='[31]Template '!$C$75 -> n/a | P42: ='[31]Template '!$C$76 -> 0.60714286 | Q42: ='[31]Template '!$C$77 -> 0.35416667 | R42: ='[31]Template '!$C$78 -> 0.42063492 | T42: ='[31]Template '!$C$96 -> 0.25 | U42: ='[31]Template '!$C$97 -> 0.65185185 | V42: ='[31]Template '!$C$98 -> 0.5 | W42: ='[31]Template '!$C$99 -> 0.26984127 | X42: ='[31]Template '!$C$100 -> 0.26428571 | Z42: ='[31]Template '!$C$52 -> 0.22857143 | AA42: ='[31]Template '!$C$53 -> 0.65185185 | AB42: ='[31]Template '!$C$54 -> 0.5 | AC42: ='[31]Template '!$C$55 -> 0.25 | AD42: ='[31]Template '!$C$56 -> 0.2952381 | AF42: ='[31]Template '!$Z$30 -> 0 | AG42: ='[31]Template '!$AB$75 -> 0 | AH42: ='[31]Template '!$AD$75 -> 0 | AI42: ='[31]Template '!$AF$75 -> 0 | AJ42: ='[31]Template '!$AR$97 -> 0 | AK42: ='[31]Template '!$AS$97 -> 0 | AL42: ='[31]Template '!$AZ$97 -> 0 | AM42: ='[31]Template '!$BB$97 -> 0 | AN42: ='[31]Template '!$AU$53 -> 0 | AO42: ='[31]Template '!$AV$53 -> 0 | AP42: ='[31]Template '!$AY$53 -> 0 | AQ42: ='[31]Template '!$AX$53 -> 0 | AR42: ='[31]Template '!$AZ$53 -> 0 | AS42: ='[31]Template '!$BF$53 -> 0
B43: M_094 | D43: =CONCATENATE(B43,".xlsx") -> M_094.xlsx | F43: ='[32]Template '!$C$2 -> D only | H43: ='[32]Template '!$C$29 -> 0.25 | I43: ='[32]Template '!$C$30 -> n/a | J43: ='[32]Template '!$C$31 -> 0.75 | K43: ='[32]Template '!$C$32 -> 0.45506536 | L43: ='[32]Template '!$C$33 -> 0.36309524 | N43: ='[32]Template '!$C$74 -> 0.35909091 | O43: ='[32]Template '!$C$75 -> n/a | P43: ='[32]Template '!$C$76 -> 0.071428571 | Q43: ='[32]Template '!$C$77 -> 0.47619048 | R43: ='[32]Template '!$C$78 -> 0.32936508 | T43: ='[32]Template '!$C$96 -> 0.6875 | U43: ='[32]Template '!$C$97 -> 0.71851852 | V43: ='[32]Template '!$C$98 -> 0.5 | W43: ='[32]Template '!$C$99 -> 0.52308802 | X43: ='[32]Template '!$C$100 -> 0.44087302 | Z43: ='[32]Template '!$C$52 -> 0.21944444 | AA43: ='[32]Template '!$C$53 -> 0.71851852 | AB43: ='[32]Template '!$C$54 -> 0.5 | AC43: ='[32]Template '!$C$55 -> 0.3125 | AD43: ='[32]Template '!$C$56 -> 0.47420635 | AF43: ='[32]Template '!$Z$30 -> 0 | AG43: ='[32]Template '!$AB$75 -> 0 | AH43: ='[32]Template '!$AD$75 -> 0 | AI43: ='[32]Template '!$AF$75 -> 0 | AJ43: ='[32]Template '!$AR$97 -> 0 | AK43: ='[32]Template '!$AS$97 -> 1 | AL43: ='[32]Template '!$AZ$97 -> 1 | AM43: ='[32]Template '!$BB$97 -> 0 | AN43: ='[32]Template '!$AU$53 -> 1 | AO43: ='[32]Template '!$AV$53 -> 0 | AP43: ='[32]Template '!$AY$53 -> 0 | AQ43: ='[32]Template '!$AX$53 -> 0 | AR43: ='[32]Template '!$AZ$53 -> 0 | AS43: ='[32]Template '!$BF$53 -> 0
B44: M_095 | D44: =CONCATENATE(B44,".xlsx") -> M_095.xlsx | F44: ='[33]Template '!$C$2 -> D only | H44: ='[33]Template '!$C$29 -> 0 | I44: ='[33]Template '!$C$30 -> n/a | J44: ='[33]Template '!$C$31 -> 0.5 | K44: ='[33]Template '!$C$32 -> 0.34558824 | L44: ='[33]Template '!$C$33 -> 0.53571429 | N44: ='[33]Template '!$C$74 -> 0.24545455 | O44: ='[33]Template '!$C$75 -> n/a | P44: ='[33]Template '!$C$76 -> 0.39285714 | Q44: ='[33]Template '!$C$77 -> 0.13095238 | R44: ='[33]Template '!$C$78 -> 0.71626984 | T44: ='[33]Template '!$C$96 -> 0.39583333 | U44: ='[33]Template '!$C$97 -> 0.34074074 | V44: ='[33]Template '!$C$98 -> 0.5 | W44: ='[33]Template '!$C$99 -> 0.43867244 | X44: ='[33]Template '!$C$100 -> 0.71825397 | Z44: ='[33]Template '!$C$52 -> 0.069444444 | AA44: ='[33]Template '!$C$53 -> 0.34074074 | AB44: ='[33]Template '!$C$54 -> 0.5 | AC44: ='[33]Template '!$C$55 -> 0.21279762 | AD44: ='[33]Template '!$C$56 -> 0.75436508 | AF44: ='[33]Template '!$Z$30 -> 0 | AG44: ='[33]Template '!$AB$75 -> 0 | AH44: ='[33]Template '!$AD$75 -> 0 | AI44: ='[33]Template '!$AF$75 -> 0 | AJ44: ='[33]Template '!$AR$97 -> 0 | AK44: ='[33]Template '!$AS$97 -> 0.5 | AL44: ='[33]Template '!$AZ$97 -> 0.5 | AM44: ='[33]Template '!$BB$97 -> 0 | AN44: ='[33]Template '!$AU$53 -> 0 | AO44: ='[33]Template '!$AV$53 -> 0 | AP44: ='[33]Template '!$AY$53 -> 0 | AQ44: ='[33]Template '!$AX$53 -> 0 | AR44: ='[33]Template '!$AZ$53 -> 0 | AS44: ='[33]Template '!$BF$53 -> 0.5
B45: M_096 | D45: =CONCATENATE(B45,".xlsx") -> M_096.xlsx | F45: ='[34]Template '!$C$2 -> D+M | H45: ='[34]Template '!$C$29 -> 0.38888889 | I45: ='[34]Template '!$C$30 -> n/a | J45: ='[34]Template '!$C$31 -> 0.33333333 | K45: ='[34]Template '!$C$32 -> 0.81617647 | L45: ='[34]Template '!$C$33 -> 0.70238095 | N45: ='[34]Template '!$C$74 -> 0.47272727 | O45: ='[34]Template '!$C$75 -> n/a | P45: ='[34]Template '!$C$76 -> 0.46428571 | Q45: ='[34]Template '!$C$77 -> 0.52380952 | R45: ='[34]Template '!$C$78 -> 0.70238095 | T45: ='[34]Template '!$C$96 -> 0.75 | U45: ='[34]Template '!$C$97 -> 0.20740741 | V45: ='[34]Template '!$C$98 -> 0 | W45: ='[34]Template '!$C$99 -> 0.51659452 | X45: ='[34]Template '!$C$100 -> 0.94047619 | Z45: ='[34]Template '!$C$52 -> 0.69444444 | AA45: ='[34]Template '!$C$53 -> 0.20740741 | AB45: ='[34]Template '!$C$54 -> 0.5 | AC45: ='[34]Template '!$C$55 -> 0.33035714 | AD45: ='[34]Template '!$C$56 -> 0.70238095 | AF45: ='[34]Template '!$Z$30 -> 1 | AG45: ='[34]Template '!$AB$75 -> 0 | AH45: ='[34]Template '!$AD$75 -> 0 | AI45: ='[34]Template '!$AF$75 -> 0 | AJ45: ='[34]Template '!$AR$97 -> 0 | AK45: ='[34]Template '!$AS$97 -> 0 | AL45: ='[34]Template '!$AZ$97 -> 0 | AM45: ='[34]Template '!$BB$97 -> 1 | AN45: ='[34]Template '!$AU$53 -> 0 | AO45: ='[34]Template '!$AV$53 -> 0 | AP45: ='[34]Template '!$AY$53 -> 0 | AQ45: ='[34]Template '!$AX$53 -> 0 | AR45: ='[34]Template '!$AZ$53 -> 1 | AS45: ='[34]Template '!$BF$53 -> 0
B46: M_098 | D46: =CONCATENATE(B46,".xlsx") -> M_098.xlsx | F46: ='[35]Template '!$C$2 -> D+M | H46: ='[35]Template '!$C$29 -> 0.44444444 | I46: ='[35]Template '!$C$30 -> n/a | J46: ='[35]Template '!$C$31 -> 0.33333333 | K46: ='[35]Template '!$C$32 -> 0.72794118 | L46: ='[35]Template '!$C$33 -> 0.78174603 | N46: ='[35]Template '!$C$74 -> 0.60909091 | O46: ='[35]Template '!$C$75 -> n/a | P46: ='[35]Template '!$C$76 -> 0.21428571 | Q46: ='[35]Template '!$C$77 -> 0.52380952 | R46: ='[35]Template '!$C$78 -> 0.87301587 | T46: ='[35]Template '!$C$96 -> 0.8 | U46: ='[35]Template '!$C$97 -> 0.37777778 | V46: ='[35]Template '!$C$98 -> 0.5 | W46: ='[35]Template '!$C$99 -> 0.76767677 | X46: ='[35]Template '!$C$100 -> 0.97619048 | Z46: ='[35]Template '!$C$52 -> 0.75 | AA46: ='[35]Template '!$C$53 -> 0.37777778 | AB46: ='[35]Template '!$C$54 -> 0.5 | AC46: ='[35]Template '!$C$55 -> 0.35416667 | AD46: ='[35]Template '!$C$56 -> 0.92857143 | AF46: ='[35]Template '!$Z$30 -> 0 | AG46: ='[35]Template '!$AB$75 -> 0 | AH46: ='[35]Template '!$AD$75 -> 0 | AI46: ='[35]Template '!$AF$75 -> 0 | AJ46: ='[35]Template '!$AR$97 -> 1 | AK46: ='[35]Template '!$AS$97 -> 1 | AL46: ='[35]Template '!$AZ$97 -> 1 | AM46: ='[35]Template '!$BB$97 -> 0 | AN46: ='[35]Template '!$AU$53 -> 1 | AO46: ='[35]Template '!$AV$53 -> 0 | AP46: ='[35]Template '!$AY$53 -> 0 | AQ46: ='[35]Template '!$AX$53 -> 0 | AR46: ='[35]Template '!$AZ$53 -> 0 | AS46: ='[35]Template '!$BF$53 -> 0
B47: M_099 | D47: =CONCATENATE(B47,".xlsx") -> M_099.xlsx | F47: ='[36]Template '!$C$2 -> D only | H47: ='[36]Template '!$C$29 -> 0 | I47: ='[36]Template '!$C$30 -> n/a | J47: ='[36]Template '!$C$31 -> 0.33333333 | K47: ='[36]Template '!$C$32 -> 0.27205882 | L47: ='[36]Template '!$C$33 -> 0.067460317 | N47: ='[36]Template '!$C$74 -> 0.2 | O47: ='[36]Template '!$C$75 -> n/a | P47: ='[36]Template '!$C$76 -> 0.071428571 | Q47: ='[36]Template '!$C$77 -> 0.45238095 | R47: ='[36]Template '!$C$78 -> 0.011904762 | T47: ='[36]Template '!$C$96 -> 0 | U47: ='[36]Template '!$C$97 -> 0.34814815 | V47: ='[36]Template '!$C$98 -> 0 | W47: ='[36]Template '!$C$99 -> 0 | X47: ='[36]Template '!$C$100 -> 0.035714286 | Z47: ='[36]Template '!$C$52 -> 0.027777778 | AA47: ='[36]Template '!$C$53 -> 0.34814815 | AB47: ='[36]Template '!$C$54 -> 0 | AC47: ='[36]Template '!$C$55 -> 0.083333333 | AD47: ='[36]Template '!$C$56 -> 0 | AF47: ='[36]Template '!$Z$30 -> 0 | AG47: ='[36]Template '!$AB$75 -> 0 | AH47: ='[36]Template '!$AD$75 -> 0 | AI47: ='[36]Template '!$AF$75 -> 0 | AJ47: ='[36]Template '!$AR$97 -> 0 | AK47: ='[36]Template '!$AS$97 -> 0 | AL47: ='[36]Template '!$AZ$97 -> 0 | AM47: ='[36]Template '!$BB$97 -> 0 | AN47: ='[36]Template '!$AU$53 -> 0 | AO47: ='[36]Template '!$AV$53 -> 0 | AP47: ='[36]Template '!$AY$53 -> 0 | AQ47: ='[36]Template '!$AX$53 -> 0 | AR47: ='[36]Template '!$AZ$53 -> 0 | AS47: ='[36]Template '!$BF$53 -> 0

Sheet Didactic plus mSTAT
A1: Demographics | H1: IPSm | AF1: Success | BP1: Self-Efficacy
F3: Study | H3: AAE | N3: FAE | T3: LEF | Z3: UEF | AF3: AAE | AG3: FAE | AJ3: LEF | AN3: UEF | AT3: Total vasc | AU3: Total fasc | AV3: TOTAL COMBINED | BD3: Time between | BF3: Basic Training | BG3: 68W | BI3: Served as | BM3: If yes, how | BP3: Pre | CC3: Post | CO3: Procedure confidence | DC3: TRI | DD3: TRI
A4: Name | B4: Participant ID | D4: Filename | F4: Group | H4: Anatomy | I4: Pathophysiology | J4: Management | K4: Procedural | L4: Technique | N4: Anatomy | O4: Pathophysiology | P4: Management | Q4: Procedural | R4: Technique | T4: Anatomy | U4: Pathophysiology | V4: Management | W4: Procedural | X4: Technique | Z4: Anatomy | AA4: Pathophysiology | AB4: Management | AC4: Procedural | AD4: Technique | AF4: AA | AG4: CFA | AH4: SFA | AI4: PFA | AJ4: Ant | AK4: Lat | AL4: SP | AM4: DP | AN4: V | AO4: DV | AP4: BA | AQ4: MW | AR4: CT | AS4: D | AX4: Number of | BA4: Didactic | BB4: Didactic | BC4: Evaluation | BD4: didactic and | BF4: Completion | BG4: certification | BH4: Months Served | BI4: Operating Room | BJ4: If yes, how | BK4: Deployed | BL4: If yes, how | BM4: many combat | BN4: Cadaver lab | BP4: Succeed at any | BQ4: Even when things | BR4: Determine the | BS4: Control | BT4: Plan appropriate | BU4: Conduct surgical | BV4: When to use | BW4: Appropriate | BX4: ID specific | BY4: ID bony | BZ4: Performing | CA4: Caffeinated | CD4: Even when things | CE4: Determine the | CF4: Control | CG4: Plan appropriate | CH4: Conduct surgical | CI4: When to use | CJ4: Appropriate | CK4: ID specific | CL4: ID bony | CM4: Performing | DA4: File name | DF4: Success All Vascular | DG4: Success All Fasciotomy | DH4: Critical errors
AX5: Number of Evaluators | AY5: Sequence | AZ5: Sex | BA5: Iteration # | BB5: Date | BC5: Date | BD5: evaluation | BE5: Age | BF5: (month/yr) | BG5: m/yr | BH5: as a Medic | BI5: Medic or Tech | BJ5: many months | BK5: Internationally | BL5: many times | BM5: zones | BN5: experience | BP5: endeavor | BQ5: are tough | BR5: need for surgery | BS5: bleeding | BT5: interventions | BU5: procedures | BV5: tourniquet | BW5: incision | BX5: arteries | BY5: landmarks | BZ5: CPR | CA5: beverages | CC5: Succeed at any endeavor | CD5: are tough | CE5: need for surgery | CF5: bleeding | CG5: interventions | CH5: procedures | CI5: tourniquet | CJ5: incision | CK5: arteries | CL5: landmarks | CM5: CPR | CO5: Cric | CP5: AAE | CQ5: CAE | CR5: LEF | CS5: HC-WP | CT5: UEF | CU5: SM | CV5: Chest tube | CW5: HF | CX5: BAE | CY5: FAE | DC5: Adj_IPSm | DD5: IPSm
B6: M_012 | D6: =CONCATENATE(B6,".xlsx") -> M_012.xlsx | F6: ='[37]Template '!$C$2 -> D+M | H6: ='[37]Template '!$C$29 -> 0.38888889 | I6: ='[37]Template '!$C$30 -> n/a | J6: ='[37]Template '!$C$31 -> 0.83333333 | K6: ='[37]Template '!$C$32 -> 0.60294118 | L6: ='[37]Template '!$C$33 -> 0.95238095 | N6: ='[37]Template '!$C$74 -> 0.7 | O6: ='[37]Template '!$C$75 -> n/a | P6: ='[37]Template '!$C$76 -> 0.75 | Q6: ='[37]Template '!$C$77 -> 0.52380952 | R6: ='[37]Template '!$C$78 -> 0.77777778 | T6: ='[37]Template '!$C$96 -> 0.8 | U6: ='[37]Template '!$C$97 -> 0.44444444 | V6: ='[37]Template '!$C$98 -> 1 | W6: ='[37]Template '!$C$99 -> 0.43217893 | X6: ='[37]Template '!$C$100 -> 0.79404762 | Z6: ='[37]Template '!$C$52 -> 0.66944444 | AA6: ='[37]Template '!$C$53 -> 0.44444444 | AB6: ='[37]Template '!$C$54 -> 1 | AC6: ='[37]Template '!$C$55 -> 0.32291667 | AD6: ='[37]Template '!$C$56 -> 0.8734127 | AF6: ='[37]Template '!$Z$30 -> 0 | AG6: ='[37]Template '!$AB$75 -> 0 | AH6: ='[37]Template '!$AD$75 -> 0 | AI6: ='[37]Template '!$AF$75 -> 0 | AJ6: ='[37]Template '!$AR$97 -> 0 | AK6: ='[37]Template '!$AS$97 -> 0.5 | AL6: ='[37]Template '!$AZ$97 -> 0 | AM6: ='[37]Template '!$BB$97 -> 0 | AN6: ='[37]Template '!$AU$53 -> 1 | AO6: ='[37]Template '!$AV$53 -> 0.5 | AP6: ='[37]Template '!$AY$53 -> 0.5 | AQ6: ='[37]Template '!$AX$53 -> 1 | AR6: ='[37]Template '!$AZ$53 -> 0 | AS6: ='[37]Template '!$BF$53 -> 0 | AT6: =SUM(AF6,AG6,AH6,AI6) -> 0 | AU6: =SUM(AJ6:AS6) -> 3.5 | AV6: =AT6+AU6 -> 3.5 | AY6: ='[37]Template '!$E$2 -> B | AZ6: ='[37]Template '!$B$13 -> 2 | BA6: ='[37]Template '!$D$2 -> 1 | BB6: 44823 | BC6: ='[37]Template '!$F$2 -> 44988 | BD6: =DATEDIF(BB6,BC6,"d") -> 165 | BE6: ='[37]Template '!$B$12 -> 20 | BF6: ='[37]Template '!$B$14 -> 12/21 | BH6: ='[37]Template '!$B$16 -> 4 | BI6: ='[37]Template '!$B$17 -> 0 | BJ6: ='[37]Template '!$B$18 -> 0 | BK6: ='[37]Template '!$B$19 -> 0 | BL6: ='[37]Template '!$B$20 -> 0 | BM6: ='[37]Template '!$B$21 -> 0 | BN6: ='[37]Template '!$B$22 -> 0 | BP6: ='[37]Template '!$I$13 -> 4 | BQ6: ='[37]Template '!$I$14 -> 4 | BR6: ='[37]Template '!$I$15 -> 4 | BS6: ='[37]Template '!$I$16 -> 4 | BT6: ='[37]Template '!$I$17 -> 4 | BU6: ='[37]Template '!$I$18 -> 4 | BV6: ='[37]Template '!$I$19 -> 4 | BW6: ='[37]Template '!$I$20 -> 4 | BX6: ='[37]Template '!$I$21 -> 3 | BY6: ='[37]Template '!$I$23 -> 4 | BZ6: ='[37]Template '!$I$23 -> 4 | CA6: ='[37]Template '!$I$24 -> 0 | CC6: ='[37]Template '!$L$13 -> 4 | CD6: ='[37]Template '!$L$14 -> 4 | CE6: ='[37]Template '!$L$15 -> 4 | CF6: ='[37]Template '!$L$16 -> 4 | CG6: ='[37]Template '!$L$17 -> 4 | CH6: ='[37]Template '!$L$18 -> 4 | CI6: ='[37]Template '!$L$19 -> 4 | CJ6: ='[37]Template '!$L$20 -> 4 | CK6: ='[37]Template '!$L$21 -> 4 | CL6: ='[37]Template '!$L$22 -> 4 | CM6: ='[37]Template '!$L$23 -> 4 | CO6: ='[37]Template '!$O$13 -> 4 | CP6: ='[37]Template '!$O$14 -> 3 | CQ6: ='[37]Template '!$O$15 -> 3 | CR6: ='[37]Template '!$O$16 -> 4 | CS6: ='[37]Template '!$O$17 -> 4 | CT6: ='[37]Template '!$O$18 -> 3 | CU6: ='[37]Template '!$O$19 -> 2 | CV6: ='[37]Template '!$O$20 -> 3 | CW6: ='[37]Template '!$O$21 -> 4 | CX6: ='[37]Template '!$O$22 -> 3 | CY6: ='[37]Template '!$O$23 -> 4
B7: M_014 | D7: =CONCATENATE(B7,".xlsx") -> M_014.xlsx | F7: ='[2]Template '!$C$2 -> D+M | H7: ='[2]Template '!$C$29 -> 0.38888889 | I7: ='[2]Template '!$C$30 -> n/a | J7: ='[2]Template '!$C$31 -> 0.41666667 | K7: ='[2]Template '!$C$32 -> 0.66911765 | L7: ='[2]Template '!$C$33 -> 0.76984127 | N7: ='[2]Template '!$C$74 -> 0.65454545 | O7: ='[2]Template '!$C$75 -> n/a | P7: ='[2]Template '!$C$76 -> 0.39285714 | Q7: ='[2]Template '!$C$77 -> 0.4047619 | R7: ='[2]Template '!$C$78 -> 0.74603175 | T7: ='[2]Template '!$C$96 -> 0.66666667 | U7: ='[2]Template '!$C$97 -> 0.40740741 | V7: ='[2]Template '!$C$98 -> 0.5 | W7: ='[2]Template '!$C$99 -> 0.46897547 | X7: ='[2]Template '!$C$100 -> 0.68333333 | Z7: ='[2]Template '!$C$52 -> 0.78571429 | AA7: ='[2]Template '!$C$53 -> 0.40740741 | AB7: ='[2]Template '!$C$54 -> 0.5 | AC7: ='[2]Template '!$C$55 -> 0.5 | AD7: ='[2]Template '!$C$56 -> 0.7468254 | AF7: ='[2]Template '!$Z$30 -> 0 | AG7: ='[2]Template '!$AB$75 -> 0 | AH7: ='[2]Template '!$AD$75 -> 0 | AI7: ='[2]Template '!$AF$75 -> 0 | AJ7: ='[2]Template '!$AR$97 -> 0 | AK7: ='[2]Template '!$AS$97 -> 0 | AL7: ='[2]Template '!$AZ$97 -> 0 | AM7: ='[2]Template '!$BB$97 -> 1 | AN7: ='[2]Template '!$AU$53 -> 1 | AO7: ='[2]Template '!$AV$53 -> 1 | AP7: ='[2]Template '!$AY$53 -> 1 | AQ7: ='[2]Template '!$AX$53 -> 1 | AR7: ='[2]Template '!$AZ$53 -> 0 | AS7: ='[2]Template '!$BF$53 -> 0 | AT7: =SUM(AF7,AG7,AH7,AI7) -> 0 | AU7: =SUM(AJ7:AS7) -> 5 | AV7: =AT7+AU7 -> 5 | AY7: ='[2]Template '!$E$2 -> B | AZ7: ='[2]Template '!$B$13 -> 1 | BA7: ='[2]Template '!$D$2 -> 1 | BB7: 44823 | BC7: ='[2]Template '!$F$2 -> 44992 | BD7: =DATEDIF(BB7,BC7,"d") -> 169 | BE7: ='[2]Template '!$B$12 -> 23 | BF7: ='[2]Template '!$B$14 -> 11/20 | BH7: ='[2]Template '!$B$16 -> 18 | BI7: ='[2]Template '!$B$17 -> 0 | BJ7: ='[2]Template '!$B$18 -> 0 | BK7: ='[2]Template '!$B$19 -> 1 | BL7: ='[2]Template '!$B$20 -> 1 | BM7: ='[2]Template '!$B$21 -> 1 | BN7: ='[2]Template '!$B$22 -> 0 | BP7: ='[2]Template '!$I$13 -> 4 | BQ7: ='[2]Template '!$I$14 -> 4 | BR7: ='[2]Template '!$I$15 -> 4 | BS7: ='[2]Template '!$I$16 -> 4 | BT7: ='[2]Template '!$I$17 -> 4 | BU7: ='[2]Template '!$I$18 -> 3 | BV7: ='[2]Template '!$I$19 -> 5 | BW7: ='[2]Template '!$I$20 -> 3 | BX7: ='[2]Template '!$I$21 -> 3 | BY7: ='[2]Template '!$I$23 -> 4 | BZ7: ='[2]Template '!$I$23 -> 4 | CA7: ='[2]Template '!$I$24 -> 2 | CC7: ='[2]Template '!$L$13 -> 4 | CD7: ='[2]Template '!$L$14 -> 4 | CE7: ='[2]Template '!$L$15 -> 4 | CF7: ='[2]Template '!$L$16 -> 4 | CG7: ='[2]Template '!$L$17 -> 4 | CH7: ='[2]Template '!$L$18 -> 3 | CI7: ='[2]Template '!$L$19 -> 5 | CJ7: ='[2]Template '!$L$20 -> 4 | CK7: ='[2]Template '!$L$21 -> 3 | CL7: ='[2]Template '!$L$22 -> 4 | CM7: ='[2]Template '!$L$23 -> 4 | CO7: ='[2]Template '!$O$13 -> 3 | CP7: ='[2]Template '!$O$14 -> 3 | CQ7: ='[2]Template '!$O$15 -> 2 | CR7: ='[2]Template '!$O$16 -> 4 | CS7: ='[2]Template '!$O$17 -> 5 | CT7: ='[2]Template '!$O$18 -> 3 | CU7: ='[2]Template '!$O$19 -> 1 | CV7: ='[2]Template '!$O$20 -> 1 | CW7: ='[2]Template '!$O$21 -> 2 | CX7: ='[2]Template '!$O$22 -> 3 | CY7: ='[2]Template '!$O$23 -> 3
B12: M_014 | D12: =CONCATENATE(B12,".xlsx") -> M_014.xlsx | F12: ='[2]Template '!$C$2 -> D+M | H12: ='[2]Template '!$C$29 -> 0.38888889 | I12: ='[2]Template '!$C$30 -> n/a | J12: ='[2]Template '!$C$31 -> 0.41666667 | K12: ='[2]Template '!$C$32 -> 0.66911765 | L12: ='[2]Template '!$C$33 -> 0.76984127 | N12: ='[2]Template '!$C$74 -> 0.65454545 | O12: ='[2]Template '!$C$75 -> n/a | P12: ='[2]Template '!$C$76 -> 0.39285714 | Q12: ='[2]Template '!$C$77 -> 0.4047619 | R12: ='[2]Template '!$C$78 -> 0.74603175 | T12: ='[2]Template '!$C$96 -> 0.66666667 | U12: ='[2]Template '!$C$97 -> 0.40740741 | V12: ='[2]Template '!$C$98 -> 0.5 | W12: ='[2]Template '!$C$99 -> 0.46897547 | X12: ='[2]Template '!$C$100 -> 0.68333333 | Z12: ='[2]Template '!$C$52 -> 0.78571429 | AA12: ='[2]Template '!$C$53 -> 0.40740741 | AB12: ='[2]Template '!$C$54 -> 0.5 | AC12: ='[2]Template '!$C$55 -> 0.5 | AD12: ='[2]Template '!$C$56 -> 0.7468254 | AF12: ='[2]Template '!$Z$30 -> 0 | AG12: ='[2]Template '!$AB$75 -> 0 | AH12: ='[2]Template '!$AD$75 -> 0 | AI12: ='[2]Template '!$AF$75 -> 0 | AJ12: ='[2]Template '!$AR$97 -> 0 | AK12: ='[2]Template '!$AS$97 -> 0 | AL12: ='[2]Template '!$AZ$97 -> 0 | AM12: ='[2]Template '!$BB$97 -> 1 | AN12: ='[2]Template '!$AU$53 -> 1 | AO12: ='[2]Template '!$AV$53 -> 1 | AP12: ='[2]Template '!$AY$53 -> 1 | AQ12: ='[2]Template '!$AX$53 -> 1 | AR12: ='[2]Template '!$AZ$53 -> 0 | AS12: ='[2]Template '!$BF$53 -> 0 | AT12: =SUM(AF12,AG12,AH12,AI12) -> 0 | AU12: =SUM(AJ12:AS12) -> 5 | AV12: =AT12+AU12 -> 5
B13: M_021 | D13: =CONCATENATE(B13,".xlsx") -> M_021.xlsx | F13: ='[3]Template '!$C$2 -> D+M | H13: ='[3]Template '!$C$29 -> 0.38888889 | I13: ='[3]Template '!$C$30 -> n/a | J13: ='[3]Template '!$C$31 -> 0.33333333 | K13: ='[3]Template '!$C$32 -> 0.47794118 | L13: ='[3]Template '!$C$33 -> 0.67063492 | N13: ='[3]Template '!$C$74 -> 0.7 | O13: ='[3]Template '!$C$75 -> n/a | P13: ='[3]Template '!$C$76 -> 0.42857143 | Q13: ='[3]Template '!$C$77 -> 0.53422619 | R13: ='[3]Template '!$C$78 -> 0.78373016 | T13: ='[3]Template '!$C$96 -> 0.8 | U13: ='[3]Template '!$C$97 -> 0.72222222 | V13: ='[3]Template '!$C$98 -> 0.5 | W13: ='[3]Template '!$C$99 -> 0.21428571 | X13: ='[3]Template '!$C$100 -> 0.64603175 | Z13: ='[3]Template '!$C$52 -> 0.69444444 | AA13: ='[3]Template '!$C$53 -> 0.72222222 | AB13: ='[3]Template '!$C$54 -> 0.5 | AC13: ='[3]Template '!$C$55 -> 0.24107143 | AD13: ='[3]Template '!$C$56 -> 0.5765873 | AF13: ='[3]Template '!$Z$30 -> 0 | AG13: ='[3]Template '!$AB$75 -> 0 | AH13: ='[3]Template '!$AD$75 -> 0 | AI13: ='[3]Template '!$AF$75 -> 0 | AJ13: ='[3]Template '!$AR$97 -> 0.5 | AK13: ='[3]Template '!$AS$97 -> 0 | AL13: ='[3]Template '!$AZ$97 -> 0 | AM13: ='[3]Template '!$BB$97 -> 0 | AN13: ='[3]Template '!$AU$53 -> 0 | AO13: ='[3]Template '!$AV$53 -> 0 | AP13: ='[3]Template '!$AY$53 -> 0 | AQ13: ='[3]Template '!$AX$53 -> 0 | AR13: ='[3]Template '!$AZ$53 -> 0 | AS13: ='[3]Template '!$BF$53 -> 0 | AT13: =SUM(AF13,AG13,AH13,AI13) -> 0 | AU13: =SUM(AJ13:AS13) -> 0.5 | AV13: =AT13+AU13 -> 0.5
B14: M_028 | D14: =CONCATENATE(B14,".xlsx") -> M_028.xlsx | F14: ='[6]Template '!$C$2 -> D+M | H14: ='[6]Template '!$C$29 -> 0.41666667 | I14: ='[6]Template '!$C$30 -> n/a | J14: ='[6]Template '!$C$31 -> 0.83333333 | K14: ='[6]Template '!$C$32 -> 0.49183007 | L14: ='[6]Template '!$C$33 -> 0.75198413 | N14: ='[6]Template '!$C$74 -> 0.65454545 | O14: ='[6]Template '!$C$75 -> n/a | P14: ='[6]Template '!$C$76 -> 0.71428571 | Q14: ='[6]Template '!$C$77 -> 0.73809524 | R14: ='[6]Template '!$C$78 -> 0.86706349 | T14: ='[6]Template '!$C$96 -> 0.75 | U14: ='[6]Template '!$C$97 -> 0.53703704 | V14: ='[6]Template '!$C$98 -> 1 | W14: ='[6]Template '!$C$99 -> 0.49278499 | X14: ='[6]Template '!$C$100 -> 0.68134921 | Z14: ='[6]Template '!$C$52 -> 0.75 | AA14: ='[6]Template '!$C$53 -> 0.53703704 | AB14: ='[6]Template '!$C$54 -> 0 | AC14: ='[6]Template '!$C$55 -> 0.13541667 | AD14: ='[6]Template '!$C$56 -> 0.75674603 | AF14: ='[6]Template '!$Z$30 -> 0 | AG14: ='[6]Template '!$AB$75 -> 1 | AH14: ='[6]Template '!$AD$75 -> 1 | AI14: ='[6]Template '!$AF$75 -> 0 | AJ14: ='[6]Template '!$AR$97 -> 0 | AK14: ='[6]Template '!$AS$97 -> 0 | AL14: ='[6]Template '!$AZ$97 -> 0.5 | AM14: ='[6]Template '!$BB$97 -> 0.5 | AN14: ='[6]Template '!$AU$53 -> 0 | AO14: ='[6]Template '!$AV$53 -> 0 | AP14: ='[6]Template '!$AY$53 -> 0 | AQ14: ='[6]Template '!$AX$53 -> 0 | AR14: ='[6]Template '!$AZ$53 -> 0 | AS14: ='[6]Template '!$BF$53 -> 0 | AT14: =SUM(AF14,AG14,AH14,AI14) -> 2 | AU14: =SUM(AJ14:AS14) -> 1 | AV14: =AT14+AU14 -> 3
B15: M_029 | D15: =CONCATENATE(B15,".xlsx") -> M_029.xlsx | F15: ='[7]Template '!$C$2 -> D+M | H15: ='[7]Template '!$C$29 -> 0.83333333 | I15: ='[7]Template '!$C$30 -> n/a | J15: ='[7]Template '!$C$31 -> 0.41666667 | K15: ='[7]Template '!$C$32 -> 0.61029412 | L15: ='[7]Template '!$C$33 -> 0.59126984 | N15: ='[7]Template '!$C$74 -> 0.49545455 | O15: ='[7]Template '!$C$75 -> n/a | P15: ='[7]Template '!$C$76 -> 0.035714286 | Q15: ='[7]Template '!$C$77 -> 0.47619048 | R15: ='[7]Template '!$C$78 -> 0.44246032 | T15: ='[7]Template '!$C$96 -> 0.6875 | U15: ='[7]Template '!$C$97 -> 0.37407407 | V15: ='[7]Template '!$C$98 -> 0.5 | W15: ='[7]Template '!$C$99 -> 0.35425685 | X15: ='[7]Template '!$C$100 -> 0.51904762 | Z15: ='[7]Template '!$C$52 -> 0.68055556 | AA15: ='[7]Template '!$C$53 -> 0.37407407 | AB15: ='[7]Template '!$C$54 -> 0.5 | AC15: ='[7]Template '!$C$55 -> 0.27083333 | AD15: ='[7]Template '!$C$56 -> 0.65 | AF15: ='[7]Template '!$Z$30 -> 0 | AG15: ='[7]Template '!$AB$75 -> 0 | AH15: ='[7]Template '!$AD$75 -> 0 | AI15: ='[7]Template '!$AF$75 -> 0 | AJ15: ='[7]Template '!$AR$97 -> 0 | AK15: ='[7]Template '!$AS$97 -> 0 | AL15: ='[7]Template '!$AZ$97 -> 0 | AM15: ='[7]Template '!$BB$97 -> 0 | AN15: ='[7]Template '!$AU$53 -> 0 | AO15: ='[7]Template '!$AV$53 -> 0 | AP15: ='[7]Template '!$AY$53 -> 0 | AQ15: ='[7]Template '!$AX$53 -> 0 | AR15: ='[7]Template '!$AZ$53 -> 0 | AS15: ='[7]Template '!$BF$53 -> 0 | AT15: =SUM(AF15,AG15,AH15,AI15) -> 0 | AU15: =SUM(AJ15:AS15) -> 0 | AV15: =AT15+AU15 -> 0
B16: M_030 | D16: =CONCATENATE(B16,".xlsx") -> M_030.xlsx | F16: ='[8]Template '!$C$2 -> D+M | H16: ='[8]Template '!$C$29 -> 0.38888889 | I16: ='[8]Template '!$C$30 -> n/a | J16: ='[8]Template '!$C$31 -> 0.58333333 | K16: ='[8]Template '!$C$32 -> 0.51470588 | L16: ='[8]Template '!$C$33 -> 0.58333333 | N16: ='[8]Template '!$C$74 -> 0.65454545 | O16: ='[8]Template '!$C$75 -> n/a | P16: ='[8]Template '!$C$76 -> 0.5 | Q16: ='[8]Template '!$C$77 -> 0.48809524 | R16: ='[8]Template '!$C$78 -> 0.68253968 | T16: ='[8]Template '!$C$96 -> 0.70833333 | U16: ='[8]Template '!$C$97 -> 0.44444444 | V16: ='[8]Template '!$C$98 -> 0.25 | W16: ='[8]Template '!$C$99 -> 0.4387361 | X16: ='[8]Template '!$C$100 -> 0.70515873 | Z16: ='[8]Template '!$C$52 -> 0.70833333 | AA16: ='[8]Template '!$C$53 -> 0.44444444 | AB16: ='[8]Template '!$C$54 -> 0 | AC16: ='[8]Template '!$C$55 -> 0.52083333 | AD16: ='[8]Template '!$C$56 -> 0.68333333 | AF16: ='[8]Template '!$Z$30 -> 0 | AG16: ='[8]Template '!$AB$75 -> 0 | AH16: ='[8]Template '!$AD$75 -> 0 | AI16: ='[8]Template '!$AF$75 -> 0 | AJ16: ='[8]Template '!$AR$97 -> 0 | AK16: ='[8]Template '!$AS$97 -> 1 | AL16: ='[8]Template '!$AZ$97 -> 0 | AM16: ='[8]Template '!$BB$97 -> 0 | AN16: ='[8]Template '!$AU$53 -> 1 | AO16: ='[8]Template '!$AV$53 -> 0 | AP16: ='[8]Template '!$AY$53 -> 0 | AQ16: ='[8]Template '!$AX$53 -> 0 | AR16: ='[8]Template '!$AZ$53 -> 0 | AS16: ='[8]Template '!$BF$53 -> 0.5 | AT16: =SUM(AF16,AG16,AH16,AI16) -> 0 | AU16: =SUM(AJ16:AS16) -> 2.5 | AV16: =AT16+AU16 -> 2.5
B17: M_032 | D17: =CONCATENATE(B17,".xlsx") -> M_032.xlsx | F17: ='[10]Template '!$C$2 -> D+M | H17: ='[10]Template '!$C$29 -> 0.41666667 | I17: ='[10]Template '!$C$30 -> n/a | J17: ='[10]Template '!$C$31 -> 0.25 | K17: ='[10]Template '!$C$32 -> 0.875 | L17: ='[10]Template '!$C$33 -> 0.95833333 | N17: ='[10]Template '!$C$74 -> 0.7 | O17: ='[10]Template '!$C$75 -> n/a | P17: ='[10]Template '!$C$76 -> 0.53571429 | Q17: ='[10]Template '!$C$77 -> 0.64285714 | R17: ='[10]Template '!$C$78 -> 0.83928571 | T17: ='[10]Template '!$C$96 -> 0.8 | U17: ='[10]Template '!$C$97 -> 0.57777778 | V17: ='[10]Template '!$C$98 -> 0.5 | W17: ='[10]Template '!$C$99 -> 0.78626602 | X17: ='[10]Template '!$C$100 -> 0.90714286 | Z17: ='[10]Template '!$C$52 -> 0.69444444 | AA17: ='[10]Template '!$C$53 -> 0.57777778 | AB17: ='[10]Template '!$C$54 -> 0.5 | AC17: ='[10]Template '!$C$55 -> 0.3125 | AD17: ='[10]Template '!$C$56 -> 0.90674603 | AF17: ='[10]Template '!$Z$30 -> 1 | AG17: ='[10]Template '!$AB$75 -> 0 | AH17: ='[10]Template '!$AD$75 -> 1 | AI17: ='[10]Template '!$AF$75 -> 0 | AJ17: ='[10]Template '!$AR$97 -> 1 | AK17: ='[10]Template '!$AS$97 -> 1 | AL17: ='[10]Template '!$AZ$97 -> 1 | AM17: ='[10]Template '!$BB$97 -> 1 | AN17: ='[10]Template '!$AU$53 -> 1 | AO17: ='[10]Template '!$AV$53 -> 1 | AP17: ='[10]Template '!$AY$53 -> 0.5 | AQ17: ='[10]Template '!$AX$53 -> 1 | AR17: ='[10]Template '!$AZ$53 -> 0 | AS17: ='[10]Template '!$BF$53 -> 0 | AT17: =SUM(AF17,AG17,AH17,AI17) -> 2 | AU17: =SUM(AJ17:AS17) -> 7.5 | AV17: =AT17+AU17 -> 9.5
B18: M_034 | D18: =CONCATENATE(B18,".xlsx") -> M_034.xlsx | F18: ='[12]Template '!$C$2 -> D+M | H18: ='[12]Template '!$C$29 -> 0.38888889 | I18: ='[12]Template '!$C$30 -> n/a | J18: ='[12]Template '!$C$31 -> 0.66666667 | K18: ='[12]Template '!$C$32 -> 0.60294118 | L18: ='[12]Template '!$C$33 -> 0.78968254 | N18: ='[12]Template '!$C$74 -> 0.63181818 | O18: ='[12]Template '!$C$75 -> n/a | P18: ='[12]Template '!$C$76 -> 0.21428571 | Q18: ='[12]Template '!$C$77 -> 0.48809524 | R18: ='[12]Template '!$C$78 -> 0.71031746 | T18: ='[12]Template '!$C$96 -> 0.71875 | U18: ='[12]Template '!$C$97 -> 0.47407407 | V18: ='[12]Template '!$C$98 -> 0.5 | W18: ='[12]Template '!$C$99 -> 0.44408369 | X18: ='[12]Template '!$C$100 -> 0.74246032 | Z18: ='[12]Template '!$C$52 -> 0.72222222 | AA18: ='[12]Template '!$C$53 -> 0.47407407 | AB18: ='[12]Template '!$C$54 -> 0.5 | AC18: ='[12]Template '!$C$55 -> 0.34375 | AD18: ='[12]Template '!$C$56 -> 0.84563492 | AF18: ='[12]Template '!$Z$30 -> 0 | AG18: ='[12]Template '!$AB$75 -> 0 | AH18: ='[12]Template '!$AD$75 -> 0 | AI18: ='[12]Template '!$AF$75 -> 0 | AJ18: ='[12]Template '!$AR$97 -> 0.5 | AK18: ='[12]Template '!$AS$97 -> 0 | AL18: ='[12]Template '!$AZ$97 -> 0 | AM18: ='[12]Template '!$BB$97 -> 0 | AN18: ='[12]Template '!$AU$53 -> 0.5 | AO18: ='[12]Template '!$AV$53 -> 0.5 | AP18: ='[12]Template '!$AY$53 -> 0 | AQ18: ='[12]Template '!$AX$53 -> 0 | AR18: ='[12]Template '!$AZ$53 -> 0 | AS18: ='[12]Template '!$BF$53 -> 0 | AT18: =SUM(AF18,AG18,AH18,AI18) -> 0 | AU18: =SUM(AJ18:AS18) -> 1.5 | AV18: =AT18+AU18 -> 1.5
B19: M_038 | D19: =CONCATENATE(B19,".xlsx") -> M_038.xlsx | F19: ='[15]Template '!$C$2 -> D+M | H19: ='[15]Template '!$C$29 -> 0.5 | I19: ='[15]Template '!$C$30 -> n/a | J19: ='[15]Template '!$C$31 -> 0.33333333 | K19: ='[15]Template '!$C$32 -> 0.60294118 | L19: ='[15]Template '!$C$33 -> 0.79365079 | N19: ='[15]Template '!$C$74 -> 0.51818182 | O19: ='[15]Template '!$C$75 -> n/a | P19: ='[15]Template '!$C$76 -> 0.46428571 | Q19: ='[15]Template '!$C$77 -> 0.5 | R19: ='[15]Template '!$C$78 -> 0.87301587 | T19: ='[15]Template '!$C$96 -> 0.35416667 | U19: ='[15]Template '!$C$97 -> 0.65185185 | V19: ='[15]Template '!$C$98 -> 0 | W19: ='[15]Template '!$C$99 -> 0.33706816 | X19: ='[15]Template '!$C$100 -> 0.9047619 | Z19: ='[15]Template '!$C$52 -> 0.49365079 | AA19: ='[15]Template '!$C$53 -> 0.65185185 | AB19: ='[15]Template '!$C$54 -> 0 | AC19: ='[15]Template '!$C$55 -> 0.33035714 | AD19: ='[15]Template '!$C$56 -> 0.81428571 | AF19: ='[15]Template '!$Z$30 -> 0 | AG19: ='[15]Template '!$AB$75 -> 0 | AH19: ='[15]Template '!$AD$75 -> 0 | AI19: ='[15]Template '!$AF$75 -> 0 | AJ19: ='[15]Template '!$AR$97 -> 0 | AK19: ='[15]Template '!$AS$97 -> 0 | AL19: ='[15]Template '!$AZ$97 -> 0 | AM19: ='[15]Template '!$BB$97 -> 0 | AN19: ='[15]Template '!$AU$53 -> 0 | AO19: ='[15]Template '!$AV$53 -> 0 | AP19: ='[15]Template '!$AY$53 -> 0 | AQ19: ='[15]Template '!$AX$53 -> 0 | AR19: ='[15]Template '!$AZ$53 -> 1 | AS19: ='[15]Template '!$BF$53 -> 0 | AT19: =SUM(AF19,AG19,AH19,AI19) -> 0 | AU19: =SUM(AJ19:AS19) -> 1 | AV19: =AT19+AU19 -> 1
B20: M_045 | D20: =CONCATENATE(B20,".xlsx") -> M_045.xlsx | F20: ='[19]Template '!$C$2 -> D+M | H20: ='[19]Template '!$C$29 -> 0.38888889 | I20: ='[19]Template '!$C$30 -> n/a | J20: ='[19]Template '!$C$31 -> 0.66666667 | K20: ='[19]Template '!$C$32 -> 0.54411765 | L20: ='[19]Template '!$C$33 -> 0.79960317 | N20: ='[19]Template '!$C$74 -> 0.54090909 | O20: ='[19]Template '!$C$75 -> n/a | P20: ='[19]Template '!$C$76 -> 0.39285714 | Q20: ='[19]Template '!$C$77 -> 0.47619048 | R20: ='[19]Template '!$C$78 -> 0.75595238 | T20: ='[19]Template '!$C$96 -> 0.75 | U20: ='[19]Template '!$C$97 -> 0.44444444 | V20: ='[19]Template '!$C$98 -> 0.5 | W20: ='[19]Template '!$C$99 -> 0.7027417 | X20: ='[19]Template '!$C$100 -> 0.8452381 | Z20: ='[19]Template '!$C$52 -> 0.66666667 | AA20: ='[19]Template '!$C$53 -> 0.44444444 | AB20: ='[19]Template '!$C$54 -> 0.5 | AC20: ='[19]Template '!$C$55 -> 0.33333333 | AD20: ='[19]Template '!$C$56 -> 0.88293651 | AF20: ='[19]Template '!$Z$30 -> 0 | AG20: ='[19]Template '!$AB$75 -> 0 | AH20: ='[19]Template '!$AD$75 -> 0 | AI20: ='[19]Template '!$AF$75 -> 0 | AJ20: ='[19]Template '!$AR$97 -> 0.5 | AK20: ='[19]Template '!$AS$97 -> 0 | AL20: ='[19]Template '!$AZ$97 -> 0.5 | AM20: ='[19]Template '!$BB$97 -> 1 | AN20: ='[19]Template '!$AU$53 -> 1 | AO20: ='[19]Template '!$AV$53 -> 1 | AP20: ='[19]Template '!$AY$53 -> 1 | AQ20: ='[19]Template '!$AX$53 -> 0 | AR20: ='[19]Template '!$AZ$53 -> 0 | AS20: ='[19]Template '!$BF$53 -> 0 | AT20: =SUM(AF20,AG20,AH20,AI20) -> 0 | AU20: =SUM(AJ20:AS20) -> 5 | AV20: =AT20+AU20 -> 5
B21: M_046 | D21: =CONCATENATE(B21,".xlsx") -> M_046.xlsx | F21: ='[20]Template '!$C$2 -> D+M | H21: ='[20]Template '!$C$29 -> 0.38888889 | I21: ='[20]Template '!$C$30 -> n/a | J21: ='[20]Template '!$C$31 -> 0.66666667 | K21: ='[20]Template '!$C$32 -> 0.72794118 | L21: ='[20]Template '!$C$33 -> 0.77777778 | N21: ='[20]Template '!$C$74 -> 0.7 | O21: ='[20]Template '!$C$75 -> n/a | P21: ='[20]Template '!$C$76 -> 0.53571429 | Q21: ='[20]Template '!$C$77 -> 0.61904762 | R21: ='[20]Template '!$C$78 -> 0.85119048 | T21: ='[20]Template '!$C$96 -> 0.75 | U21: ='[20]Template '!$C$97 -> 0.31111111 | V21: ='[20]Template '!$C$98 -> 0.5 | W21: ='[20]Template '!$C$99 -> 0.88888889 | X21: ='[20]Template '!$C$100 -> 0.9702381 | Z21: ='[20]Template '!$C$52 -> 0.75 | AA21: ='[20]Template '!$C$53 -> 0.31111111 | AB21: ='[20]Template '!$C$54 -> 0.5 | AC21: ='[20]Template '!$C$55 -> 0.70238095 | AD21: ='[20]Template '!$C$56 -> 0.90079365 | AF21: ='[20]Template '!$Z$30 -> 0 | AG21: ='[20]Template '!$AB$75 -> 0 | AH21: ='[20]Template '!$AD$75 -> 1 | AI21: ='[20]Template '!$AF$75 -> 0 | AJ21: ='[20]Template '!$AR$97 -> 1 | AK21: ='[20]Template '!$AS$97 -> 1 | AL21: ='[20]Template '!$AZ$97 -> 1 | AM21: ='[20]Template '!$BB$97 -> 1 | AN21: ='[20]Template '!$AU$53 -> 1 | AO21: ='[20]Template '!$AV$53 -> 1 | AP21: ='[20]Template '!$AY$53 -> 0 | AQ21: ='[20]Template '!$AX$53 -> 0 | AR21: ='[20]Template '!$AZ$53 -> 0 | AS21: ='[20]Template '!$BF$53 -> 1 | AT21: =SUM(AF21,AG21,AH21,AI21) -> 1 | AU21: =SUM(AJ21:AS21) -> 7 | AV21: =AT21+AU21 -> 8
B22: M_047 | D22: =CONCATENATE(B22,".xlsx") -> M_047.xlsx | F22: ='[21]Template '!$C$2 -> D+M | H22: ='[21]Template '!$C$29 -> 0.88888889 | I22: ='[21]Template '!$C$30 -> n/a | J22: ='[21]Template '!$C$31 -> 0.33333333 | K22: ='[21]Template '!$C$32 -> 0.72794118 | L22: ='[21]Template '!$C$33 -> 0.81746032 | N22: ='[21]Template '!$C$74 -> 0.51818182 | O22: ='[21]Template '!$C$75 -> n/a | P22: ='[21]Template '!$C$76 -> 0.28571429 | Q22: ='[21]Template '!$C$77 -> 0.5 | R22: ='[21]Template '!$C$78 -> 0.72619048 | T22: ='[21]Template '!$C$96 -> 0.46875 | U22: ='[21]Template '!$C$97 -> 0.31111111 | V22: ='[21]Template '!$C$98 -> 0 | W22: ='[21]Template '!$C$99 -> 0.61832612 | X22: ='[21]Template '!$C$100 -> 0.87142857 | Z22: ='[21]Template '!$C$52 -> 0.75 | AA22: ='[21]Template '!$C$53 -> 0.31111111 | AB22: ='[21]Template '!$C$54 -> 0 | AC22: ='[21]Template '!$C$55 -> 0.52380952 | AD22: ='[21]Template '!$C$56 -> 0.94047619 | AF22: ='[21]Template '!$Z$30 -> 0 | AG22: ='[21]Template '!$AB$75 -> 0 | AH22: ='[21]Template '!$AD$75 -> 0 | AI22: ='[21]Template '!$AF$75 -> 0 | AJ22: ='[21]Template '!$AR$97 -> 1 | AK22: ='[21]Template '!$AS$97 -> 1 | AL22: ='[21]Template '!$AZ$97 -> 0.5 | AM22: ='[21]Template '!$BB$97 -> 1 | AN22: ='[21]Template '!$AU$53 -> 0.5 | AO22: ='[21]Template '!$AV$53 -> 0 | AP22: ='[21]Template '!$AY$53 -> 0 | AQ22: ='[21]Template '!$AX$53 -> 0 | AR22: ='[21]Template '!$AZ$53 -> 0 | AS22: ='[21]Template '!$BF$53 -> 0.5 | AT22: =SUM(AF22,AG22,AH22,AI22) -> 0 | AU22: =SUM(AJ22:AS22) -> 4.5 | AV22: =AT22+AU22 -> 4.5
B23: M_083 | D23: =CONCATENATE(B23,".xlsx") -> M_083.xlsx | F23: ='[24]Template '!$C$2 -> D+M | H23: ='[24]Template '!$C$29 -> 0.22222222 | I23: ='[24]Template '!$C$30 -> n/a | J23: ='[24]Template '!$C$31 -> 0 | K23: ='[24]Template '!$C$32 -> 0.60294118 | L23: ='[24]Template '!$C$33 -> 0.88492063 | N23: ='[24]Template '!$C$74 -> 0.60909091 | O23: ='[24]Template '!$C$75 -> n/a | P23: ='[24]Template '!$C$76 -> 0.21428571 | Q23: ='[24]Template '!$C$77 -> 0.52380952 | R23: ='[24]Template '!$C$78 -> 0.77380952 | T23: ='[24]Template '!$C$96 -> 0.4375 | U23: ='[24]Template '!$C$97 -> 0.51111111 | V23: ='[24]Template '!$C$98 -> 0.5 | W23: ='[24]Template '!$C$99 -> 0.64646465 | X23: ='[24]Template '!$C$100 -> 0.97619048 | Z23: ='[24]Template '!$C$52 -> 0.20555556 | AA23: ='[24]Template '!$C$53 -> 0.51111111 | AB23: ='[24]Template '!$C$54 -> 0 | AC23: ='[24]Template '!$C$55 -> 0.41666667 | AD23: ='[24]Template '!$C$56 -> 0.90873016 | AF23: ='[24]Template '!$Z$30 -> 0 | AG23: ='[24]Template '!$AB$75 -> 0 | AH23: ='[24]Template '!$AD$75 -> 0 | AI23: ='[24]Template '!$AF$75 -> 0 | AJ23: ='[24]Template '!$AR$97 -> 1 | AK23: ='[24]Template '!$AS$97 -> 1 | AL23: ='[24]Template '!$AZ$97 -> 0 | AM23: ='[24]Template '!$BB$97 -> 0 | AN23: ='[24]Template '!$AU$53 -> 1 | AO23: ='[24]Template '!$AV$53 -> 1 | AP23: ='[24]Template '!$AY$53 -> 0 | AQ23: ='[24]Template '!$AX$53 -> 1 | AR23: ='[24]Template '!$AZ$53 -> 0 | AS23: ='[24]Template '!$BF$53 -> 0 | AT23: =SUM(AF23,AG23,AH23,AI23) -> 0 | AU23: =SUM(AJ23:AS23) -> 5 | AV23: =AT23+AU23 -> 5
B24: M_085 | D24: =CONCATENATE(B24,".xlsx") -> M_085.xlsx | F24: ='[26]Template '!$C$2 -> D+M | H24: ='[26]Template '!$C$29 -> 0.44444444 | I24: ='[26]Template '!$C$30 -> n/a | J24: ='[26]Template '!$C$31 -> 0 | K24: ='[26]Template '!$C$32 -> 0.68954248 | L24: ='[26]Template '!$C$33 -> 0.6468254 | N24: ='[26]Template '!$C$74 -> 0.7 | O24: ='[26]Template '!$C$75 -> n/a | P24: ='[26]Template '!$C$76 -> 0.35714286 | Q24: ='[26]Template '!$C$77 -> 0.5922619 | R24: ='[26]Template '!$C$78 -> 0.53571429 | T24: ='[26]Template '!$C$96 -> 0.75 | U24: ='[26]Template '!$C$97 -> 0.51851852 | V24: ='[26]Template '!$C$98 -> 0 | W24: ='[26]Template '!$C$99 -> 0.45598846 | X24: ='[26]Template '!$C$100 -> 0.74761905 | Z24: ='[26]Template '!$C$52 -> 0.47222222 | AA24: ='[26]Template '!$C$53 -> 0.51851852 | AB24: ='[26]Template '!$C$54 -> 0 | AC24: ='[26]Template '!$C$55 -> 0.31018519 | AD24: ='[26]Template '!$C$56 -> 0.61269841 | AF24: ='[26]Template '!$Z$30 -> 0 | AG24: ='[26]Template '!$AB$75 -> 0 | AH24: ='[26]Template '!$AD$75 -> 0 | AI24: ='[26]Template '!$AF$75 -> 0 | AJ24: ='[26]Template '!$AR$97 -> 0 | AK24: ='[26]Template '!$AS$97 -> 1 | AL24: ='[26]Template '!$AZ$97 -> 0 | AM24: ='[26]Template '!$BB$97 -> 0 | AN24: ='[26]Template '!$AU$53 -> 1 | AO24: ='[26]Template '!$AV$53 -> 1 | AP24: ='[26]Template '!$AY$53 -> 0 | AQ24: ='[26]Template '!$AX$53 -> 0 | AR24: ='[26]Template '!$AZ$53 -> 0 | AS24: ='[26]Template '!$BF$53 -> 0 | AT24: =SUM(AF24,AG24,AH24,AI24) -> 0 | AU24: =SUM(AJ24:AS24) -> 3 | AV24: =AT24+AU24 -> 3
B25: M_090 | D25: =CONCATENATE(B25,".xlsx") -> M_090.xlsx | F25: ='[28]Template '!$C$2 -> D+M | H25: ='[28]Template '!$C$29 -> 0.38888889 | I25: ='[28]Template '!$C$30 -> n/a | J25: ='[28]Template '!$C$31 -> 0.58333333 | K25: ='[28]Template '!$C$32 -> 0.54411765 | L25: ='[28]Template '!$C$33 -> 0.54761905 | N25: ='[28]Template '!$C$74 -> 0.7 | O25: ='[28]Template '!$C$75 -> n/a | P25: ='[28]Template '!$C$76 -> 0.46428571 | Q25: ='[28]Template '!$C$77 -> 0.61904762 | R25: ='[28]Template '!$C$78 -> 0.78571429 | T25: ='[28]Template '!$C$96 -> 0.66666667 | U25: ='[28]Template '!$C$97 -> 0.24444444 | V25: ='[28]Template '!$C$98 -> 0.5 | W25: ='[28]Template '!$C$99 -> 0.5036075 | X25: ='[28]Template '!$C$100 -> 0.56666667 | Z25: ='[28]Template '!$C$52 -> 0.64444444 | AA25: ='[28]Template '!$C$53 -> 0.24444444 | AB25: ='[28]Template '!$C$54 -> 0.5 | AC25: ='[28]Template '!$C$55 -> 0.1875 | AD25: ='[28]Template '!$C$56 -> 0.70198413 | AF25: ='[28]Template '!$Z$30 -> 0 | AG25: ='[28]Template '!$AB$75 -> 0.5 | AH25: ='[28]Template '!$AD$75 -> 0.5 | AI25: ='[28]Template '!$AF$75 -> 0 | AJ25: ='[28]Template '!$AR$97 -> 1 | AK25: ='[28]Template '!$AS$97 -> 1 | AL25: ='[28]Template '!$AZ$97 -> 0 | AM25: ='[28]Template '!$BB$97 -> 0 | AN25: ='[28]Template '!$AU$53 -> 0 | AO25: ='[28]Template '!$AV$53 -> 0 | AP25: ='[28]Template '!$AY$53 -> 0 | AQ25: ='[28]Template '!$AX$53 -> 0 | AR25: ='[28]Template '!$AZ$53 -> 0 | AS25: ='[28]Template '!$BF$53 -> 0 | AT25: =SUM(AF25,AG25,AH25,AI25) -> 1 | AU25: =SUM(AJ25:AS25) -> 2 | AV25: =AT25+AU25 -> 3
B26: M_091 | D26: =CONCATENATE(B26,".xlsx") -> M_091.xlsx | F26: ='[29]Template '!$C$2 -> D+M | H26: ='[29]Template '!$C$29 -> 0.27777778 | I26: ='[29]Template '!$C$30 -> n/a | J26: ='[29]Template '!$C$31 -> 0.58333333 | K26: ='[29]Template '!$C$32 -> 0.54411765 | L26: ='[29]Template '!$C$33 -> 0.80952381 | N26: ='[29]Template '!$C$74 -> 0.7 | O26: ='[29]Template '!$C$75 -> n/a | P26: ='[29]Template '!$C$76 -> 0.46428571 | Q26: ='[29]Template '!$C$77 -> 0.64285714 | R26: ='[29]Template '!$C$78 -> 0.93253968 | T26: ='[29]Template '!$C$96 -> 0.75 | U26: ='[29]Template '!$C$97 -> 0.58518519 | V26: ='[29]Template '!$C$98 -> 0.5 | W26: ='[29]Template '!$C$99 -> 0.74603175 | X26: ='[29]Template '!$C$100 -> 0.98809524 | Z26: ='[29]Template '!$C$52 -> 0.7 | AA26: ='[29]Template '!$C$53 -> 0.58518519 | AB26: ='[29]Template '!$C$54 -> 0.5 | AC26: ='[29]Template '!$C$55 -> 0.45833333 | AD26: ='[29]Template '!$C$56 -> 0.90952381 | AF26: ='[29]Template '!$Z$30 -> 0 | AG26: ='[29]Template '!$AB$75 -> 0 | AH26: ='[29]Template '!$AD$75 -> 1 | AI26: ='[29]Template '!$AF$75 -> 0 | AJ26: ='[29]Template '!$AR$97 -> 1 | AK26: ='[29]Template '!$AS$97 -> 1 | AL26: ='[29]Template '!$AZ$97 -> 1 | AM26: ='[29]Template '!$BB$97 -> 1 | AN26: ='[29]Template '!$AU$53 -> 1 | AO26: ='[29]Template '!$AV$53 -> 1 | AP26: ='[29]Template '!$AY$53 -> 1 | AQ26: ='[29]Template '!$AX$53 -> 0 | AR26: ='[29]Template '!$AZ$53 -> 0 | AS26: ='[29]Template '!$BF$53 -> 0 | AT26: =SUM(AF26,AG26,AH26,AI26) -> 1 | AU26: =SUM(AJ26:AS26) -> 7 | AV26: =AT26+AU26 -> 8
B27: M_096 | D27: =CONCATENATE(B27,".xlsx") -> M_096.xlsx | F27: ='[34]Template '!$C$2 -> D+M | H27: ='[34]Template '!$C$29 -> 0.38888889 | I27: ='[34]Template '!$C$30 -> n/a | J27: ='[34]Template '!$C$31 -> 0.33333333 | K27: ='[34]Template '!$C$32 -> 0.81617647 | L27: ='[34]Template '!$C$33 -> 0.70238095 | N27: ='[34]Template '!$C$74 -> 0.47272727 | O27: ='[34]Template '!$C$75 -> n/a | P27: ='[34]Template '!$C$76 -> 0.46428571 | Q27: ='[34]Template '!$C$77 -> 0.52380952 | R27: ='[34]Template '!$C$78 -> 0.70238095 | T27: ='[34]Template '!$C$96 -> 0.75 | U27: ='[34]Template '!$C$97 -> 0.20740741 | V27: ='[34]Template '!$C$98 -> 0 | W27: ='[34]Template '!$C$99 -> 0.51659452 | X27: ='[34]Template '!$C$100 -> 0.94047619 | Z27: ='[34]Template '!$C$52 -> 0.69444444 | AA27: ='[34]Template '!$C$53 -> 0.20740741 | AB27: ='[34]Template '!$C$54 -> 0.5 | AC27: ='[34]Template '!$C$55 -> 0.33035714 | AD27: ='[34]Template '!$C$56 -> 0.70238095 | AF27: ='[34]Template '!$Z$30 -> 1 | AG27: ='[34]Template '!$AB$75 -> 0 | AH27: ='[34]Template '!$AD$75 -> 0 | AI27: ='[34]Template '!$AF$75 -> 0 | AJ27: ='[34]Template '!$AR$97 -> 0 | AK27: ='[34]Template '!$AS$97 -> 0 | AL27: ='[34]Template '!$AZ$97 -> 0 | AM27: ='[34]Template '!$BB$97 -> 1 | AN27: ='[34]Template '!$AU$53 -> 0 | AO27: ='[34]Template '!$AV$53 -> 0 | AP27: ='[34]Template '!$AY$53 -> 0 | AQ27: ='[34]Template '!$AX$53 -> 0 | AR27: ='[34]Template '!$AZ$53 -> 1 | AS27: ='[34]Template '!$BF$53 -> 0 | AT27: =SUM(AF27,AG27,AH27,AI27) -> 1 | AU27: =SUM(AJ27:AS27) -> 2 | AV27: =AT27+AU27 -> 3
B28: M_098 | D28: =CONCATENATE(B28,".xlsx") -> M_098.xlsx | F28: ='[35]Template '!$C$2 -> D+M | H28: ='[35]Template '!$C$29 -> 0.44444444 | I28: ='[35]Template '!$C$30 -> n/a | J28: ='[35]Template '!$C$31 -> 0.33333333 | K28: ='[35]Template '!$C$32 -> 0.72794118 | L28: ='[35]Template '!$C$33 -> 0.78174603 | N28: ='[35]Template '!$C$74 -> 0.60909091 | O28: ='[35]Template '!$C$75 -> n/a | P28: ='[35]Template '!$C$76 -> 0.21428571 | Q28: ='[35]Template '!$C$77 -> 0.52380952 | R28: ='[35]Template '!$C$78 -> 0.87301587 | T28: ='[35]Template '!$C$96 -> 0.8 | U28: ='[35]Template '!$C$97 -> 0.37777778 | V28: ='[35]Template '!$C$98 -> 0.5 | W28: ='[35]Template '!$C$99 -> 0.76767677 | X28: ='[35]Template '!$C$100 -> 0.97619048 | Z28: ='[35]Template '!$C$52 -> 0.75 | AA28: ='[35]Template '!$C$53 -> 0.37777778 | AB28: ='[35]Template '!$C$54 -> 0.5 | AC28: ='[35]Template '!$C$55 -> 0.35416667 | AD28: ='[35]Template '!$C$56 -> 0.92857143 | AF28: ='[35]Template '!$Z$30 -> 0 | AG28: ='[35]Template '!$AB$75 -> 0 | AH28: ='[35]Template '!$AD$75 -> 0 | AI28: ='[35]Template '!$AF$75 -> 0 | AJ28: ='[35]Template '!$AR$97 -> 1 | AK28: ='[35]Template '!$AS$97 -> 1 | AL28: ='[35]Template '!$AZ$97 -> 1 | AM28: ='[35]Template '!$BB$97 -> 0 | AN28: ='[35]Template '!$AU$53 -> 1 | AO28: ='[35]Template '!$AV$53 -> 0 | AP28: ='[35]Template '!$AY$53 -> 0 | AQ28: ='[35]Template '!$AX$53 -> 0 | AR28: ='[35]Template '!$AZ$53 -> 0 | AS28: ='[35]Template '!$BF$53 -> 0 | AT28: =SUM(AF28,AG28,AH28,AI28) -> 0 | AU28: =SUM(AJ28:AS28) -> 4 | AV28: =AT28+AU28 -> 4
A34: AVERAGE | H34: =AVERAGE(H6:H33) -> 0.43859649 | J34: =AVERAGE(J6:J33) -> 0.45175439 | K34: =AVERAGE(K6:K33) -> 0.63377193 | L34: =AVERAGE(L6:L33) -> 0.75783208 | N34: =AVERAGE(N6:N33) -> 0.62703349 | P34: =AVERAGE(P6:P33) -> 0.41165414 | Q34: =AVERAGE(Q6:Q33) -> 0.53798559 | R34: =AVERAGE(R6:R33) -> 0.75814536 | T34: =AVERAGE(T6:T33) -> 0.68815789 | U34: =AVERAGE(U6:U33) -> 0.45009747 | V34: =AVERAGE(V6:V33) -> 0.43421053 | W34: =AVERAGE(W6:W33) -> 0.54125957 | X34: =AVERAGE(X6:X33) -> 0.79730576 | Z34: =AVERAGE(Z6:Z33) -> 0.66409774 | AA34: =AVERAGE(AA6:AA33) -> 0.45009747 | AB34: =AVERAGE(AB6:AB33) -> 0.36842105 | AC34: =AVERAGE(AC6:AC33) -> 0.37339007 | AD34: =AVERAGE(AD6:AD33) -> 0.79413116 | AF34: =AVERAGE(AF6:AF33) -> 0.10526316 | AG34: =AVERAGE(AG6:AG33) -> 0.078947368 | AH34: =AVERAGE(AH6:AH33) -> 0.23684211 | AI34: =AVERAGE(AI6:AI33) -> 0 | AJ34: =AVERAGE(AJ6:AJ33) -> 0.44736842 | AK34: =AVERAGE(AK6:AK33) -> 0.5 | AL34: =AVERAGE(AL6:AL33) -> 0.28947368 | AM34: =AVERAGE(AM6:AM33) -> 0.44736842 | ... AV34: =AVERAGE(AV6:AV33) -> 3.9473684
A35: STDV | H35: =STDEV(H6:H34) -> 0.15572749 | J35: =STDEV(J6:J34) -> 0.22991829 | K35: =STDEV(K6:K34) -> 0.10531891 | L35: =STDEV(L6:L34) -> 0.11029784 | N35: =STDEV(N6:N34) -> 0.077187875 | P35: =STDEV(P6:P34) -> 0.16766243 | Q35: =STDEV(Q6:Q34) -> 0.082699276 | R35: =STDEV(R6:R34) -> 0.11413727 | T35: =STDEV(T6:T34) -> 0.12528486 | U35: =STDEV(U6:U34) -> 0.12986261 | V35: =STDEV(V6:V34) -> 0.2791211 | W35: =STDEV(W6:W34) -> 0.17086165 | X35: =STDEV(X6:X34) -> 0.14310758 | Z35: =STDEV(Z6:Z34) -> 0.13481109 | AA35: =STDEV(AA6:AA34) -> 0.12986261 | AB35: =STDEV(AB6:AB34) -> 0.27348171 | AC35: =STDEV(AC6:AC34) -> 0.13174293 | AD35: =STDEV(AD6:AD34) -> 0.11316147 | AF35: =STDEV(AF6:AF33) -> 0.31530177 | AG35: =STDEV(AG6:AG33) -> 0.25072993 | AH35: =STDEV(AH6:AH33) -> 0.42059551 | AI35: =STDEV(AI6:AI33) -> 0 | AJ35: =STDEV(AJ6:AJ33) -> 0.46829291 | AK35: =STDEV(AK6:AK33) -> 0.5 | AL35: =STDEV(AL6:AL33) -> 0.41885391 | AM35: =STDEV(AM6:AM33) -> 0.49706742 | ... AV35: =STDEV(AV6:AV33) -> 2.5434815
F39: t-tests | H39: =TTEST(H6:H33,'Didactic only'!H6:H28,2,2) -> 9.9553193e-06 | J39: =TTEST(J6:J33,'Didactic only'!J6:J28,2,2) -> 0.38138965 | K39: =TTEST(K6:K33,'Didactic only'!K6:K28,2,2) -> 0.0012476618 | L39: =TTEST(L6:L33,'Didactic only'!L6:L28,2,2) -> 5.1712417e-06 | N39: =TTEST(N6:N33,'Didactic only'!N6:N28,2,2) -> 4.4350781e-06 | P39: =TTEST(P6:P33,'Didactic only'!P6:P28,2,2) -> 0.11242133 | Q39: =TTEST(Q6:Q33,'Didactic only'!Q6:Q28,2,2) -> 0.023439105 | R39: =TTEST(R6:R33,'Didactic only'!R6:R28,2,2) -> 7.987364e-06 | T39: =TTEST(T6:T33,'Didactic only'!T6:T28,2,2) -> 0.00010758739 | U39: =TTEST(U6:U33,'Didactic only'!U6:U28,2,2) -> 0.35144686 | V39: =TTEST(V6:V33,'Didactic only'!V6:V28,2,2) -> 0.34359042 | W39: =TTEST(W6:W33,'Didactic only'!W6:W28,2,2) -> 0.00013744947 | X39: =TTEST(X6:X33,'Didactic only'!X6:X28,2,2) -> 0.00028985369 | Z39: =TTEST(Z6:Z33,'Didactic only'!Z6:Z28,2,2) -> 3.3856575e-07 | AA39: =TTEST(AA6:AA33,'Didactic only'!AA6:AA28,2,2) -> 0.35144686 | AB39: =TTEST(AB6:AB33,'Didactic only'!AB6:AB28,2,2) -> 0.59522129 | AC39: =TTEST(AC6:AC33,'Didactic only'!AC6:AC28,2,2) -> 0.052023814 | AD39: =TTEST(AD6:AD33,'Didactic only'!AD6:AD28,2,2) -> 5.9280933e-05 | AT39: =TTEST(AT6:AT33,'Didactic only'!AT6:AT28,2,2) -> 0.88697161 | AU39: =TTEST(AU6:AU33,'Didactic only'!AU6:AU28,2,2) -> 0.0036306291 | AV39: =TTEST(AV6:AV33,'Didactic only'!AV6:AV28,2,2) -> 0.011011397

Sheet Didactic only
A1: Demographics | H1: IPSm | AF1: Success | BX1: Self Efficacy | DK1: TRI | DL1: TRI
BD2: Time between | BF2: Basic Training | BG2: 68W | BI2: Served as | BM2: If yes, how | BP2: Pre | CC2: Post | CO2: Procedure confidence | DA2: File name | DC2: Adj_IPSm | DD2: IPSm | DF2: Success | DG2: Success | DH2: Critical errors
F3: Study | H3: AAE | N3: FAE | T3: LEF | Z3: UEF | AF3: AAE | AG3: FAE | AJ3: LEF | AN3: UEF | AT3: Total vasc | AU3: Total fasc | AV3: TOTAL COMBINED | AX3: Number of | BA3: Didactic | BB3: Didactic | BC3: Evaluation | BD3: didactic and | BF3: Completion | BG3: certification | BH3: Months Served | BI3: Operating Room | BJ3: If yes, how | BK3: Deployed | BL3: If yes, how | BM3: many combat | BN3: Cadaver lab | BP3: Succeed at any | BQ3: Even when things | BR3: Determine the | BS3: Control | BT3: Plan appropriate | BU3: Conduct surgical | BV3: When to use | BW3: Appropriate | BX3: ID specific | BY3: ID bony | BZ3: Performing | CA3: Caffeinated | CC3: Succeed at any | CD3: Even when things | CE3: Determine the | CF3: Control | CG3: Plan appropriate | CH3: Conduct surgical | CI3: When to use | CJ3: Appropriate | CK3: ID specific | CL3: ID bony | CM3: Performing | DF3: All Vascular | DG3: All Fasciotomy
A4: Name | B4: Participant ID | D4: Filename | F4: Group | H4: Anatomy | I4: Pathophysiology | J4: Management | K4: Procedural | L4: Technique | N4: Anatomy | O4: Pathophysiology | P4: Management | Q4: Procedural | R4: Technique | T4: Anatomy | U4: Pathophysiology | V4: Management | W4: Procedural | X4: Technique | Z4: Anatomy | AA4: Pathophysiology | AB4: Management | AC4: Procedural | AD4: Technique | AF4: AA | AG4: CFA | AH4: SFA | AI4: PFA | AJ4: Ant | AK4: Lat | AL4: SP | AM4: DP | AN4: V | AO4: DV | AP4: BA | AQ4: MW | AR4: CT | AS4: D | AX4: Evaluators | AY4: Sequence | AZ4: Sex | BA4: Iteration # | BB4: Date | BC4: Date | BD4: evaluation | BE4: Age | BF4: (month/yr) | BG4: (month/yr) | BH4: as a Medic | BI4: Medic or Tech | BJ4: many months | BK4: Internationally | BL4: many times | BM4: zones | BN4: experience | BP4: endeavor | BQ4: are tough | BR4: need for surgery | BS4: bleeding | BT4: interventions | BU4: procedures | BV4: tourniquet | BW4: incision | BX4: arteries | BY4: landmarks | BZ4: CPR | CA4: beverages | CC4: endeavor | CD4: are tough | CE4: need for surgery | CF4: bleeding | CG4: interventions | CH4: procedures | CI4: tourniquet | CJ4: incision | CK4: arteries | CL4: landmarks | CM4: CPR | CO4: Cric | CP4: AAE | CQ4: CAE | CR4: LEF | CS4: HC-WP | CT4: UEF | CU4: SM | CV4: Chest tube | CW4: HF | CX4: BAE | CY4: FAE
B6: M_007 | D6: =CONCATENATE(B6,".xlsx") -> M_007.xlsx | F6: ='[38]Template '!$C$2 -> D only | H6: ='[38]Template '!$C$29 -> 0.22222222 | I6: ='[38]Template '!$C$30 -> n/a | J6: ='[38]Template '!$C$31 -> 0.083333333 | K6: ='[38]Template '!$C$32 -> 0.54411765 | L6: ='[38]Template '!$C$33 -> 0.70238095 | N6: ='[38]Template '!$C$74 -> 0.43181818 | O6: ='[38]Template '!$C$75 -> n/a | P6: ='[38]Template '!$C$76 -> 0.32142857 | Q6: ='[38]Template '!$C$77 -> 0.48809524 | R6: ='[38]Template '!$C$78 -> 0.71428571 | T6: ='[38]Template '!$C$96 -> 0.57083333 | U6: ='[38]Template '!$C$97 -> 0.37407407 | V6: ='[38]Template '!$C$98 -> 0 | W6: ='[38]Template '!$C$99 -> 0.10281385 | X6: ='[38]Template '!$C$100 -> 0.49087302 | Z6: ='[38]Template '!$C$52 -> 0.24722222 | AA6: ='[38]Template '!$C$53 -> 0.37407407 | AB6: ='[38]Template '!$C$54 -> 0 | AC6: ='[38]Template '!$C$55 -> 0.13541667 | AD6: ='[38]Template '!$C$56 -> 0.47142857 | AF6: ='[38]Template '!$Z$30 -> 0 | AG6: ='[38]Template '!$AB$75 -> 0 | AH6: ='[38]Template '!$C$89 -> 0 | AI6: ='[38]Template '!$AF$75 -> 0 | AJ6: ='[38]Template '!$AR$97 -> 0 | AK6: ='[38]Template '!$AS$97 -> 0 | AL6: ='[38]Template '!$AZ$97 -> 0 | AM6: ='[38]Template '!$BB$97 -> 0 | AN6: ='[38]Template '!$AU$53 -> 0 | AO6: ='[38]Template '!$AV$53 -> 0 | AP6: ='[38]Template '!$AY$53 -> 0 | AQ6: ='[38]Template '!$AX$53 -> 0 | AR6: ='[38]Template '!$AZ$53 -> 0 | AS6: ='[38]Template '!$BF$53 -> 0 | AT6: =SUM(AF6:AI6) -> 0 | AU6: =SUM(AJ6:AS6) -> 0 | AV6: =AT6+AU6 -> 0 | AY6: ='[38]Template '!$E$2 -> A | AZ6: ='[38]Template '!$B$13 -> 1 | BA6: ='[38]Template '!$D$2 -> 1 | BB6: ='[38]Template '!$D$3 -> 9/20/2022 | BC6: ='[38]Template '!$F$2 -> 44964 | BD6: =DATEDIF(BB6,BC6,"m") -> 4 | BE6: ='[38]Template '!$B$12 -> 22 | BF6: ='[38]Template '!$B$14 -> 6/20 | BG6: ='[M_007.xlsx]Template '!$B$15 | BH6: ='[38]Template '!$B$16 -> 31 | BI6: ='[38]Template '!$B$17 -> 0 | BJ6: ='[38]Template '!$B$18 -> 0 | BK6: ='[38]Template '!$B$19 -> 0 | BL6: ='[38]Template '!$B$20 -> 0 | BM6: ='[38]Template '!$B$21 -> 0 | BN6: ='[38]Template '!$B$22 -> 0 | BP6: ='[38]Template '!$I$13 -> 4 | BQ6: ='[38]Template '!$I$14 -> 4 | BR6: ='[38]Template '!$I$15 -> 4 | BS6: ='[38]Template '!$I$16 -> 3 | BT6: ='[38]Template '!$I$17 -> 4 | BU6: ='[38]Template '!$I$18 -> 3 | BV6: ='[38]Template '!$I$19 -> 5 | BW6: ='[38]Template '!$I$20 -> 3 | BX6: ='[38]Template '!$I$21 -> 4 | BY6: ='[38]Template '!$I$22 -> 3 | BZ6: ='[38]Template '!$I$23 -> 5 | CA6: ='[38]Template '!$I$24 -> 1 | CC6: ='[38]Template '!$L$13 -> 4 | CD6: ='[38]Template '!$L$14 -> 4 | CE6: ='[38]Template '!$L$15 -> 4 | CF6: ='[38]Template '!$L$16 -> 3 | CG6: ='[38]Template '!$L$17 -> 4 | CH6: ='[38]Template '!$L$18 -> 4 | CI6: ='[38]Template '!$L$19 -> 5 | CJ6: ='[38]Template '!$L$20 -> 2 | CK6: ='[38]Template '!$L$21 -> 2 | CL6: ='[38]Template '!$L$22 -> 2 | CM6: ='[38]Template '!$L$23 -> 5 | CO6: ='[38]Template '!$O$13 -> 3 | CP6: ='[38]Template '!$O$14 -> 2 | CQ6: ='[38]Template '!$O$15 -> 1 | CR6: ='[38]Template '!$O$16 -> 3 | CS6: ='[38]Template '!$O$17 -> 5 | CT6: ='[38]Template '!$O$18 -> 3 | CU6: ='[38]Template '!$O$19 -> 1 | CV6: ='[38]Template '!$O$20 -> 3 | CW6: ='[38]Template '!$O$21 -> 2 | CX6: ='[38]Template '!$O$22 -> 3 | CY6: ='[38]Template '!$O$23 -> 5
B7: M_009 | D7: =CONCATENATE(B7,".xlsx") -> M_009.xlsx | F7: ='[39]Template '!$C$2 -> D only | H7: ='[39]Template '!$C$29 -> 0.22222222 | I7: ='[39]Template '!$C$30 -> n/a | J7: ='[39]Template '!$C$31 -> 0.25 | K7: ='[39]Template '!$C$32 -> 0.48529412 | L7: ='[39]Template '!$C$33 -> 0.33730159 | N7: ='[39]Template '!$C$74 -> 0.29090909 | O7: ='[39]Template '!$C$75 -> n/a | P7: ='[39]Template '!$C$76 -> 0.10714286 | Q7: ='[39]Template '!$C$77 -> 0.51190476 | R7: ='[39]Template '!$C$78 -> 0.40873016 | T7: ='[39]Template '!$C$96 -> 0.43333333 | U7: ='[39]Template '!$C$97 -> 0.37777778 | V7: ='[39]Template '!$C$98 -> 0 | W7: ='[39]Template '!$C$99 -> 0.3975469 | X7: ='[39]Template '!$C$100 -> 0.64444444 | Z7: ='[39]Template '!$C$52 -> 0.33333333 | AA7: ='[39]Template '!$C$53 -> 0.37777778 | AB7: ='[39]Template '!$C$54 -> 0 | AC7: ='[39]Template '!$C$55 -> 0.30952381 | AD7: ='[39]Template '!$C$56 -> 0.48412698 | AF7: ='[39]Template '!$Z$30 -> 0 | AG7: ='[39]Template '!$AB$75 -> 0 | AH7: ='[39]Template '!$AD$75 -> 0.5 | AI7: ='[39]Template '!$AF$75 -> 0 | AJ7: ='[39]Template '!$AR$97 -> 0 | AK7: ='[39]Template '!$AS$97 -> 0 | AL7: ='[39]Template '!$AZ$97 -> 0 | AM7: ='[39]Template '!$BB$97 -> 0 | AN7: ='[39]Template '!$AU$53 -> 0 | AO7: ='[39]Template '!$AV$53 -> 0 | AP7: ='[39]Template '!$AY$53 -> 0 | AQ7: ='[39]Template '!$AX$53 -> 0 | AR7: ='[39]Template '!$AZ$53 -> 0 | AS7: ='[39]Template '!$BF$53 -> 0 | AT7: =SUM(AF7:AI7) -> 0.5 | AU7: =SUM(AJ7:AS7) -> 0 | AV7: =AT7+AU7 -> 0.5
B8: M_013 | D8: =CONCATENATE(B8,".xlsx") -> M_013.xlsx | F8: ='[1]Template '!$C$2 -> D only | H8: ='[1]Template '!$C$29 -> 0 | I8: ='[1]Template '!$C$30 -> n/a | J8: ='[1]Template '!$C$31 -> 0.33333333 | K8: ='[1]Template '!$C$32 -> 0.58455882 | L8: ='[1]Template '!$C$33 -> 0 | N8: ='[1]Template '!$C$74 -> 0.51818182 | O8: ='[1]Template '!$C$75 -> n/a | P8: ='[1]Template '!$C$76 -> 0.42857143 | Q8: ='[1]Template '!$C$77 -> 0.48809524 | R8: ='[1]Template '!$C$78 -> 0.4781746 | T8: ='[1]Template '!$C$96 -> 0.58333333 | U8: ='[1]Template '!$C$97 -> 0.48518519 | V8: ='[1]Template '!$C$98 -> 0.5 | W8: ='[1]Template '!$C$99 -> 0.25252525 | X8: ='[1]Template '!$C$100 -> 0.65793651 | Z8: ='[1]Template '!$C$52 -> 0.55555556 | AA8: ='[1]Template '!$C$53 -> 0.48518519 | AB8: ='[1]Template '!$C$54 -> 0.5 | AC8: ='[1]Template '!$C$55 -> 0.3125 | AD8: ='[1]Template '!$C$56 -> 0.5547619 | AF8: ='[1]Template '!$Z$30 -> 0 | AG8: ='[1]Template '!$AB$75 -> 0 | AH8: ='[1]Template '!$AD$75 -> 0 | AI8: ='[1]Template '!$AF$75 -> 0 | AJ8: ='[1]Template '!$AR$97 -> 0 | AK8: ='[1]Template '!$AS$97 -> 0 | AL8: ='[1]Template '!$AZ$97 -> 0 | AM8: ='[1]Template '!$BB$97 -> 0 | AN8: ='[1]Template '!$AU$53 -> 0 | AO8: ='[1]Template '!$AV$53 -> 0 | AP8: ='[1]Template '!$AY$53 -> 0 | AQ8: ='[1]Template '!$AX$53 -> 0 | AR8: ='[1]Template '!$AZ$53 -> 0 | AS8: ='[1]Template '!$BF$53 -> 0 | AT8: =SUM(AF8:AI8) -> 0 | AU8: =SUM(AJ8:AS8) -> 0 | AV8: =AT8+AU8 -> 0
B9: M_022 | D9: =CONCATENATE(B9,".xlsx") -> M_022.xlsx | F9: ='[4]Template '!$C$2 -> D only | H9: ='[4]Template '!$C$29 -> 0.66666667 | I9: ='[4]Template '!$C$30 -> n/a | J9: ='[4]Template '!$C$31 -> 0.16666667 | K9: ='[4]Template '!$C$32 -> 0.54411765 | L9: ='[4]Template '!$C$33 -> 0.65873016 | N9: ='[4]Template '!$C$74 -> 0.51818182 | O9: ='[4]Template '!$C$75 -> n/a | P9: ='[4]Template '!$C$76 -> 0.21428571 | Q9: ='[4]Template '!$C$77 -> 0.11904762 | R9: ='[4]Template '!$C$78 -> 0.28769841 | T9: ='[4]Template '!$C$96 -> 0.64583333 | U9: ='[4]Template '!$C$97 -> 0.34074074 | V9: ='[4]Template '!$C$98 -> 0 | W9: ='[4]Template '!$C$99 -> 0.28787879 | X9: ='[4]Template '!$C$100 -> 0.79007937 | Z9: ='[4]Template '!$C$52 -> 0.7734127 | AA9: ='[4]Template '!$C$53 -> 0.34074074 | AB9: ='[4]Template '!$C$54 -> 0 | AC9: ='[4]Template '!$C$55 -> 0.43005952 | AD9: ='[4]Template '!$C$56 -> 0.60079365 | AF9: ='[4]Template '!$Z$30 -> 0 | AG9: ='[4]Template '!$AB$75 -> 0 | AH9: ='[4]Template '!$AD$75 -> 0 | AI9: ='[4]Template '!$AF$75 -> 0 | AJ9: ='[4]Template '!$AR$97 -> 1 | AK9: ='[4]Template '!$AS$97 -> 1 | AL9: ='[4]Template '!$AZ$97 -> 0.5 | AM9: ='[4]Template '!$BB$97 -> 0 | AN9: ='[4]Template '!$AU$53 -> 0.5 | AO9: ='[4]Template '!$AV$53 -> 0.5 | AP9: ='[4]Template '!$AY$53 -> 0 | AQ9: ='[4]Template '!$AX$53 -> 0.5 | AR9: ='[4]Template '!$AZ$53 -> 1 | AS9: ='[4]Template '!$BF$53 -> 0.5 | AT9: =SUM(AF9:AI9) -> 0 | AU9: =SUM(AJ9:AS9) -> 5.5 | AV9: =AT9+AU9 -> 5.5
B10: M_024 | D10: =CONCATENATE(B10,".xlsx") -> M_024.xlsx | F10: ='[5]Template '!$C$2 -> D only | H10: ='[5]Template '!$C$29 -> 0 | I10: ='[5]Template '!$C$30 -> n/a | J10: ='[5]Template '!$C$31 -> 0 | K10: ='[5]Template '!$C$32 -> 0.23529412 | L10: ='[5]Template '!$C$33 -> 0.48214286 | N10: ='[5]Template '!$C$74 -> 0.65454545 | O10: ='[5]Template '!$C$75 -> n/a | P10: ='[5]Template '!$C$76 -> 0.071428571 | Q10: ='[5]Template '!$C$77 -> 0.46428571 | R10: ='[5]Template '!$C$78 -> 0.50595238 | T10: ='[5]Template '!$C$96 -> 0.65625 | U10: ='[5]Template '!$C$97 -> 0.30740741 | V10: ='[5]Template '!$C$98 -> 0 | W10: ='[5]Template '!$C$99 -> 0.34235209 | X10: ='[5]Template '!$C$100 -> 0.61190476 | Z10: ='[5]Template '!$C$52 -> 0 | AA10: ='[5]Template '!$C$53 -> 0.30740741 | AB10: ='[5]Template '!$C$54 -> 0 | AC10: ='[5]Template '!$C$55 -> 0.32142857 | AD10: ='[5]Template '!$C$56 -> 0.57857143 | AF10: ='[5]Template '!$Z$30 -> 0 | AG10: ='[5]Template '!$AB$75 -> 0 | AH10: ='[5]Template '!$AD$75 -> 0 | AI10: ='[5]Template '!$AF$75 -> 0 | AJ10: ='[5]Template '!$AR$97 -> 0 | AK10: ='[5]Template '!$AS$97 -> 0 | AL10: ='[5]Template '!$AZ$97 -> 0 | AM10: ='[5]Template '!$BB$97 -> 0 | AN10: ='[5]Template '!$AU$53 -> 0 | AO10: ='[5]Template '!$AV$53 -> 0 | AP10: ='[5]Template '!$AY$53 -> 0 | AQ10: ='[5]Template '!$AX$53 -> 0 | AR10: ='[5]Template '!$AZ$53 -> 0 | AS10: ='[5]Template '!$BF$53 -> 0 | AT10: =SUM(AF10:AI10) -> 0 | AU10: =SUM(AJ10:AS10) -> 0 | AV10: =AT10+AU10 -> 0
B11: M_031 | D11: =CONCATENATE(B11,".xlsx") -> M_031.xlsx | F11: ='[9]Template '!$C$2 -> D only | H11: ='[9]Template '!$C$29 -> 0.66666667 | I11: ='[9]Template '!$C$30 -> n/a | J11: ='[9]Template '!$C$31 -> 0.58333333 | K11: ='[9]Template '!$C$32 -> 0.19117647 | L11: ='[9]Template '!$C$33 -> 0.3452381 | N11: ='[9]Template '!$C$74 -> 0.47272727 | O11: ='[9]Template '!$C$75 -> n/a | P11: ='[9]Template '!$C$76 -> 0.42857143 | Q11: ='[9]Template '!$C$77 -> 0.54761905 | R11: ='[9]Template '!$C$78 -> 0.36111111 | T11: ='[9]Template '!$C$96 -> 0.8 | U11: ='[9]Template '!$C$97 -> 0.38148148 | V11: ='[9]Template '!$C$98 -> 0.5 | W11: ='[9]Template '!$C$99 -> 0.20995671 | X11: ='[9]Template '!$C$100 -> 0.55555556 | Z11: ='[9]Template '!$C$52 -> 0.21349206 | AA11: ='[9]Template '!$C$53 -> 0.38148148 | AB11: ='[9]Template '!$C$54 -> 0.5 | AC11: ='[9]Template '!$C$55 -> 0.23958333 | AD11: ='[9]Template '!$C$56 -> 0.32777778 | AF11: ='[9]Template '!$Z$30 -> 0 | AG11: ='[9]Template '!$AB$75 -> 1 | AH11: ='[9]Template '!$AD$75 -> 0 | AI11: ='[9]Template '!$AF$75 -> 0 | AJ11: ='[9]Template '!$AR$97 -> 0 | AK11: ='[9]Template '!$AS$97 -> 1 | AL11: ='[9]Template '!$AZ$97 -> 0 | AM11: ='[9]Template '!$BB$97 -> 0 | AN11: ='[9]Template '!$AU$53 -> 0 | AO11: ='[9]Template '!$AV$53 -> 0 | AP11: ='[9]Template '!$AY$53 -> 0 | AQ11: ='[9]Template '!$AX$53 -> 0 | AR11: ='[9]Template '!$AZ$53 -> 0 | AS11: ='[9]Template '!$BF$53 -> 0 | AT11: =SUM(AF11:AI11) -> 1 | AU11: =SUM(AJ11:AS11) -> 1 | AV11: =AT11+AU11 -> 2
B12: M_033 | D12: =CONCATENATE(B12,".xlsx") -> M_033.xlsx | F12: ='[11]Template '!$C$2 -> D only | H12: ='[11]Template '!$C$29 -> 0 | I12: ='[11]Template '!$C$30 -> n/a | J12: ='[11]Template '!$C$31 -> 0.41666667 | K12: ='[11]Template '!$C$32 -> 0.56617647 | L12: ='[11]Template '!$C$33 -> 0.65873016 | N12: ='[11]Template '!$C$74 -> 0.29090909 | O12: ='[11]Template '!$C$75 -> n/a | P12: ='[11]Template '!$C$76 -> 0.35714286 | Q12: ='[11]Template '!$C$77 -> 0.46428571 | R12: ='[11]Template '!$C$78 -> 0.62103175 | T12: ='[11]Template '!$C$96 -> 0.40625 | U12: ='[11]Template '!$C$97 -> 0.24444444 | V12: ='[11]Template '!$C$98 -> 0.5 | W12: ='[11]Template '!$C$99 -> 0.3001443 | X12: ='[11]Template '!$C$100 -> 0.63650794 | Z12: ='[11]Template '!$C$52 -> 0.14166667 | AA12: ='[11]Template '!$C$53 -> 0.24444444 | AB12: ='[11]Template '!$C$54 -> 0.5 | AC12: ='[11]Template '!$C$55 -> 0.25 | AD12: ='[11]Template '!$C$56 -> 0.6702381 | AF12: ='[11]Template '!$Z$30 -> 0 | AG12: ='[11]Template '!$AB$75 -> 0 | AH12: ='[11]Template '!$AD$75 -> 0 | AI12: ='[11]Template '!$AF$75 -> 0 | AJ12: ='[11]Template '!$AR$97 -> 0 | AK12: ='[11]Template '!$AS$97 -> 0 | AL12: ='[11]Template '!$AZ$97 -> 0 | AM12: ='[11]Template '!$BB$97 -> 0 | AN12: ='[11]Template '!$AU$53 -> 0 | AO12: ='[11]Template '!$AV$53 -> 0 | AP12: ='[11]Template '!$AY$53 -> 0 | AQ12: ='[11]Template '!$AX$53 -> 0 | AR12: ='[11]Template '!$AZ$53 -> 0 | AS12: ='[11]Template '!$BF$53 -> 0 | AT12: =SUM(AF12:AI12) -> 0 | AU12: =SUM(AJ12:AS12) -> 0 | AV12: =AT12+AU12 -> 0
B13: M_035 | D13: =CONCATENATE(B13,".xlsx") -> M_035.xlsx | F13: ='[13]Template '!$C$2 -> D only | H13: ='[13]Template '!$C$29 -> 0.27777778 | I13: ='[13]Template '!$C$30 -> n/a | J13: ='[13]Template '!$C$31 -> 0.33333333 | K13: ='[13]Template '!$C$32 -> 0.48529412 | L13: ='[13]Template '!$C$33 -> 0.50396825 | N13: ='[13]Template '!$C$74 -> 0.51818182 | O13: ='[13]Template '!$C$75 -> n/a | P13: ='[13]Template '!$C$76 -> 0 | Q13: ='[13]Template '!$C$77 -> 0.19047619 | R13: ='[13]Template '!$C$78 -> 0.25 | T13: ='[13]Template '!$C$96 -> 0.26041667 | U13: ='[13]Template '!$C$97 -> 0.27407407 | V13: ='[13]Template '!$C$98 -> 0.5 | W13: ='[13]Template '!$C$99 -> 0.060606061 | X13: ='[13]Template '!$C$100 -> 0.2015873 | Z13: ='[13]Template '!$C$52 -> 0 | AA13: ='[13]Template '!$C$53 -> 0.27407407 | AB13: ='[13]Template '!$C$54 -> 0 | AC13: ='[13]Template '!$C$55 -> 0 | AD13: ='[13]Template '!$C$56 -> 0.24166667 | AF13: ='[13]Template '!$Z$30 -> 0 | AG13: ='[13]Template '!$AB$75 -> 0 | AH13: ='[13]Template '!$AD$75 -> 0 | AI13: ='[13]Template '!$AF$75 -> 0 | AJ13: ='[13]Template '!$AR$97 -> 0 | AK13: ='[13]Template '!$AS$97 -> 0 | AL13: ='[13]Template '!$AZ$97 -> 0 | AM13: ='[13]Template '!$BB$97 -> 0 | AN13: ='[13]Template '!$AU$53 -> 0 | AO13: ='[13]Template '!$AV$53 -> 0 | AP13: ='[13]Template '!$AY$53 -> 0 | AQ13: ='[13]Template '!$AX$53 -> 0 | AR13: ='[13]Template '!$AZ$53 -> 0 | AS13: ='[13]Template '!$BF$53 -> 0 | AT13: =SUM(AF13:AI13) -> 0 | AU13: =SUM(AJ13:AS13) -> 0 | AV13: =AT13+AU13 -> 0
B14: M_036 | D14: =CONCATENATE(B14,".xlsx") -> M_036.xlsx | F14: ='[14]Template '!$C$2 -> D only | H14: ='[14]Template '!$C$29 -> 0.055555556 | I14: ='[14]Template '!$C$30 -> n/a | J14: ='[14]Template '!$C$31 -> 0.25 | K14: ='[14]Template '!$C$32 -> 0.41176471 | L14: ='[14]Template '!$C$33 -> 0.51388889 | N14: ='[14]Template '!$C$74 -> 0.38181818 | O14: ='[14]Template '!$C$75 -> n/a | P14: ='[14]Template '!$C$76 -> 0.14285714 | Q14: ='[14]Template '!$C$77 -> 0.5 | R14: ='[14]Template '!$C$78 -> 0.66666667 | T14: ='[14]Template '!$C$96 -> 0.19583333 | U14: ='[14]Template '!$C$97 -> 0.57777778 | V14: ='[14]Template '!$C$98 -> 0 | W14: ='[14]Template '!$C$99 -> 0.22222222 | X14: ='[14]Template '!$C$100 -> 0.47301587 | Z14: ='[14]Template '!$C$52 -> 0.27777778 | AA14: ='[14]Template '!$C$53 -> 0.57777778 | AB14: ='[14]Template '!$C$54 -> 0.25 | AC14: ='[14]Template '!$C$55 -> 0.27083333 | AD14: ='[14]Template '!$C$56 -> 0.47936508 | AF14: ='[14]Template '!$Z$30 -> 0 | AG14: ='[14]Template '!$AB$75 -> 0 | AH14: ='[14]Template '!$AD$75 -> 1 | AI14: ='[14]Template '!$AF$75 -> 0 | AJ14: ='[14]Template '!$AR$97 -> 0 | AK14: ='[14]Template '!$AS$97 -> 0 | AL14: ='[14]Template '!$AZ$97 -> 0 | AM14: ='[14]Template '!$BB$97 -> 0 | AN14: ='[14]Template '!$AU$53 -> 0 | AO14: ='[14]Template '!$AV$53 -> 0 | AP14: ='[14]Template '!$AY$53 -> 0 | AQ14: ='[14]Template '!$AX$53 -> 0 | AR14: ='[14]Template '!$AZ$53 -> 0.5 | AS14: ='[14]Template '!$BF$53 -> 0 | AT14: =SUM(AF14:AI14) -> 1 | AU14: =SUM(AJ14:AS14) -> 0.5 | AV14: =AT14+AU14 -> 1.5
B15: M_039 | D15: =CONCATENATE(B15,".xlsx") -> M_039.xlsx | F15: ='[16]Template '!$C$2 -> D only | H15: ='[16]Template '!$C$29 -> 0 | I15: ='[16]Template '!$C$30 -> n/a | J15: ='[16]Template '!$C$31 -> 0.25 | K15: ='[16]Template '!$C$32 -> 0.20588235 | L15: ='[16]Template '!$C$33 -> 0.4484127 | N15: ='[16]Template '!$C$74 -> 0.51818182 | O15: ='[16]Template '!$C$75 -> n/a | P15: ='[16]Template '!$C$76 -> 0.14285714 | Q15: ='[16]Template '!$C$77 -> 0.46428571 | R15: ='[16]Template '!$C$78 -> 0.50396825 | T15: ='[16]Template '!$C$96 -> 0.44583333 | U15: ='[16]Template '!$C$97 -> 0.37777778 | V15: ='[16]Template '!$C$98 -> 0.5 | W15: ='[16]Template '!$C$99 -> 0.43867244 | X15: ='[16]Template '!$C$100 -> 0.71349206 | Z15: ='[16]Template '!$C$52 -> 0.37698413 | AA15: ='[16]Template '!$C$53 -> 0.37777778 | AB15: ='[16]Template '!$C$54 -> 0 | AC15: ='[16]Template '!$C$55 -> 0.3125 | AD15: ='[16]Template '!$C$56 -> 0.54920635 | AF15: ='[16]Template '!$Z$30 -> 0 | AG15: ='[16]Template '!$AB$75 -> 0 | AH15: ='[16]Template '!$AD$75 -> 0 | AI15: ='[16]Template '!$AF$75 -> 0 | AJ15: ='[16]Template '!$AR$97 -> 0.5 | AK15: ='[16]Template '!$AS$97 -> 0 | AL15: ='[16]Template '!$AZ$97 -> 0.5 | AM15: ='[16]Template '!$BB$97 -> 0 | AN15: ='[16]Template '!$AU$53 -> 0 | AO15: ='[16]Template '!$AV$53 -> 0 | AP15: ='[16]Template '!$AY$53 -> 0 | AQ15: ='[16]Template '!$AX$53 -> 0 | AR15: ='[16]Template '!$AZ$53 -> 0 | AS15: ='[16]Template '!$BF$53 -> 0 | AT15: =SUM(AF15:AI15) -> 0 | AU15: =SUM(AJ15:AS15) -> 1 | AV15: =AT15+AU15 -> 1
B16: M_040 | D16: =CONCATENATE(B16,".xlsx") -> M_040.xlsx | F16: ='[17]Template '!$C$2 -> D only | H16: ='[17]Template '!$C$29 -> 0.33333333 | I16: ='[17]Template '!$C$30 -> n/a | J16: ='[17]Template '!$C$31 -> 0.58333333 | K16: ='[17]Template '!$C$32 -> 0.77205882 | L16: ='[17]Template '!$C$33 -> 0.66468254 | N16: ='[17]Template '!$C$74 -> 0.7 | O16: ='[17]Template '!$C$75 -> n/a | P16: ='[17]Template '!$C$76 -> 0.42857143 | Q16: ='[17]Template '!$C$77 -> 0.71428571 | R16: ='[17]Template '!$C$78 -> 0.85515873 | T16: ='[17]Template '!$C$96 -> 0.54166667 | U16: ='[17]Template '!$C$97 -> 0.5037037 | V16: ='[17]Template '!$C$98 -> 0.5 | W16: ='[17]Template '!$C$99 -> 0.40836941 | X16: ='[17]Template '!$C$100 -> 0.75396825 | Z16: ='[17]Template '!$C$52 -> 0.69444444 | AA16: ='[17]Template '!$C$53 -> 0.5037037 | AB16: ='[17]Template '!$C$54 -> 0.5 | AC16: ='[17]Template '!$C$55 -> 0.54464286 | AD16: ='[17]Template '!$C$56 -> 0.7484127 | AF16: ='[17]Template '!$Z$30 -> 0.5 | AG16: ='[17]Template '!$AB$75 -> 1 | AH16: ='[17]Template '!$AD$75 -> 1 | AI16: ='[17]Template '!$AF$75 -> 1 | AJ16: ='[17]Template '!$AR$97 -> 0.5 | AK16: ='[17]Template '!$AS$97 -> 0 | AL16: ='[17]Template '!$AZ$97 -> 0 | AM16: ='[17]Template '!$BB$97 -> 0 | AN16: ='[17]Template '!$AU$53 -> 1 | AO16: ='[17]Template '!$AV$53 -> 0 | AP16: ='[17]Template '!$AY$53 -> 0 | AQ16: ='[17]Template '!$AX$53 -> 0 | AR16: ='[17]Template '!$AZ$53 -> 0 | AS16: ='[17]Template '!$BF$53 -> 0.5 | AT16: =SUM(AF16:AI16) -> 3.5 | AU16: =SUM(AJ16:AS16) -> 2 | AV16: =AT16+AU16 -> 5.5
B17: M_041 | D17: =CONCATENATE(B17,".xlsx") -> M_041.xlsx | F17: ='[18]Template '!$C$2 -> D only | H17: ='[18]Template '!$C$29 -> 0.11111111 | I17: ='[18]Template '!$C$30 -> n/a | J17: ='[18]Template '!$C$31 -> 0.58333333 | K17: ='[18]Template '!$C$32 -> 0.66911765 | L17: ='[18]Template '!$C$33 -> 0.57936508 | N17: ='[18]Template '!$C$74 -> 0.23636364 | O17: ='[18]Template '!$C$75 -> n/a | P17: ='[18]Template '!$C$76 -> 0.46428571 | Q17: ='[18]Template '!$C$77 -> 0.46428571 | R17: ='[18]Template '!$C$78 -> 0.60119048 | T17: ='[18]Template '!$C$96 -> 0.37291667 | U17: ='[18]Template '!$C$97 -> 0.60740741 | V17: ='[18]Template '!$C$98 -> 0.5 | W17: ='[18]Template '!$C$99 -> 0.4505772 | X17: ='[18]Template '!$C$100 -> 0.7031746 | Z17: ='[18]Template '!$C$52 -> 0.31507937 | AA17: ='[18]Template '!$C$53 -> 0.60740741 | AB17: ='[18]Template '!$C$54 -> 0.5 | AC17: ='[18]Template '!$C$55 -> 0.125 | AD17: ='[18]Template '!$C$56 -> 0.71904762 | AF17: ='[18]Template '!$Z$30 -> 0 | AG17: ='[18]Template '!$AB$75 -> 0 | AH17: ='[18]Template '!$AD$75 -> 0 | AI17: ='[18]Template '!$AF$75 -> 0 | AJ17: ='[18]Template '!$AR$97 -> 0 | AK17: ='[18]Template '!$AS$97 -> 0.5 | AL17: ='[18]Template '!$AZ$97 -> 0 | AM17: ='[18]Template '!$BB$97 -> 0 | AN17: ='[18]Template '!$AU$53 -> 0 | AO17: ='[18]Template '!$AV$53 -> 0 | AP17: ='[18]Template '!$AY$53 -> 0 | AQ17: ='[18]Template '!$AX$53 -> 0 | AR17: ='[18]Template '!$AZ$53 -> 0 | AS17: ='[18]Template '!$BF$53 -> 0 | AT17: =SUM(AF17:AI17) -> 0 | AU17: =SUM(AJ17:AS17) -> 0.5 | AV17: =AT17+AU17 -> 0.5
B18: M_048 | D18: =CONCATENATE(B18,".xlsx") -> M_048.xlsx | F18: ='[22]Template '!$C$2 -> D only | H18: ='[22]Template '!$C$29 -> 0.11111111 | I18: ='[22]Template '!$C$30 -> n/a | J18: ='[22]Template '!$C$31 -> 0.25 | K18: ='[22]Template '!$C$32 -> 0.48529412 | L18: ='[22]Template '!$C$33 -> 0.26785714 | N18: ='[22]Template '!$C$74 -> 0.29090909 | O18: ='[22]Template '!$C$75 -> n/a | P18: ='[22]Template '!$C$76 -> 0.28571429 | Q18: ='[22]Template '!$C$77 -> 0.54613095 | R18: ='[22]Template '!$C$78 -> 0.41071429 | T18: ='[22]Template '!$C$96 -> 0.3125 | U18: ='[22]Template '!$C$97 -> 0.3 | V18: ='[22]Template '!$C$98 -> 0.5 | W18: ='[22]Template '!$C$99 -> 0.2979798 | X18: ='[22]Template '!$C$100 -> 0.42698413 | Z18: ='[22]Template '!$C$52 -> 0.33333333 | AA18: ='[22]Template '!$C$53 -> 0.3 | AB18: ='[22]Template '!$C$54 -> 0.5 | AC18: ='[22]Template '!$C$55 -> 0.20833333 | AD18: ='[22]Template '!$C$56 -> 0.29047619 | AF18: ='[22]Template '!$Z$30 -> 0 | AG18: ='[22]Template '!$AB$75 -> 1 | AH18: ='[22]Template '!$AD$75 -> 0.5 | AI18: ='[22]Template '!$AF$75 -> 0 | AJ18: ='[22]Template '!$AR$97 -> 0 | AK18: ='[22]Template '!$AS$97 -> 0 | AL18: ='[22]Template '!$AZ$97 -> 0 | AM18: ='[22]Template '!$BB$97 -> 0 | AN18: ='[22]Template '!$AU$53 -> 0 | AO18: ='[22]Template '!$AV$53 -> 0 | AP18: ='[22]Template '!$AY$53 -> 0 | AQ18: ='[22]Template '!$AX$53 -> 0 | AR18: ='[22]Template '!$AZ$53 -> 0 | AS18: ='[22]Template '!$BF$53 -> 0 | AT18: =SUM(AF18:AI18) -> 1.5 | AU18: =SUM(AJ18:AS18) -> 0 | AV18: =AT18+AU18 -> 1.5
B19: M_049 | D19: =CONCATENATE(B19,".xlsx") -> M_049.xlsx | F19: ='[23]Template '!$C$2 -> D only | H19: ='[23]Template '!$C$29 -> 0 | I19: ='[23]Template '!$C$30 -> n/a | J19: ='[23]Template '!$C$31 -> 0.41666667 | K19: ='[23]Template '!$C$32 -> 0.39705882 | L19: ='[23]Template '!$C$33 -> 0.13293651 | N19: ='[23]Template '!$C$74 -> 0.29090909 | O19: ='[23]Template '!$C$75 -> n/a | P19: ='[23]Template '!$C$76 -> 0.39285714 | Q19: ='[23]Template '!$C$77 -> 0.5 | R19: ='[23]Template '!$C$78 -> 0.33928571 | T19: ='[23]Template '!$C$96 -> 0.16666667 | U19: ='[23]Template '!$C$97 -> 0.26666667 | V19: ='[23]Template '!$C$98 -> 0.5 | W19: ='[23]Template '!$C$99 -> 0.03030303 | X19: ='[23]Template '!$C$100 -> 0.15873016 | Z19: ='[23]Template '!$C$52 -> 0 | AA19: ='[23]Template '!$C$53 -> 0.26666667 | AB19: ='[23]Template '!$C$54 -> 0.5 | AC19: ='[23]Template '!$C$55 -> 0.16666667 | AD19: ='[23]Template '!$C$56 -> 0.31468254 | AF19: ='[23]Template '!$Z$30 -> 0 | AG19: ='[23]Template '!$AB$75 -> 0 | AH19: ='[23]Template '!$AD$75 -> 0 | AI19: ='[23]Template '!$AF$75 -> 0 | AJ19: ='[23]Template '!$AR$97 -> 0 | AK19: ='[23]Template '!$AS$97 -> 0 | AL19: ='[23]Template '!$AZ$97 -> 0 | AM19: ='[23]Template '!$BB$97 -> 0 | AN19: ='[23]Template '!$AU$53 -> 0 | AO19: ='[23]Template '!$AV$53 -> 0 | AP19: ='[23]Template '!$AY$53 -> 0 | AQ19: ='[23]Template '!$AX$53 -> 0 | AR19: ='[23]Template '!$AZ$53 -> 0 | AS19: ='[23]Template '!$BF$53 -> 0 | AT19: =SUM(AF19:AI19) -> 0 | AU19: =SUM(AJ19:AS19) -> 0 | AV19: =AT19+AU19 -> 0
B20: M_084 | D20: =CONCATENATE(B20,".xlsx") -> M_084.xlsx | F20: ='[25]Template '!$C$2 -> D only | H20: ='[25]Template '!$C$29 -> 0.25 | I20: ='[25]Template '!$C$30 -> n/a | J20: ='[25]Template '!$C$31 -> 0.41666667 | K20: ='[25]Template '!$C$32 -> 0.63235294 | L20: ='[25]Template '!$C$33 -> 0.52579365 | N20: ='[25]Template '!$C$74 -> 0.38181818 | O20: ='[25]Template '!$C$75 -> n/a | P20: ='[25]Template '!$C$76 -> 0.48214286 | Q20: ='[25]Template '!$C$77 -> 0.54761905 | R20: ='[25]Template '!$C$78 -> 0.51984127 | T20: ='[25]Template '!$C$96 -> 0.4375 | U20: ='[25]Template '!$C$97 -> 0.34444444 | V20: ='[25]Template '!$C$98 -> 0.5 | W20: ='[25]Template '!$C$99 -> 0.48088023 | X20: ='[25]Template '!$C$100 -> 0.65992063 | Z20: ='[25]Template '!$C$52 -> 0.375 | AA20: ='[25]Template '!$C$53 -> 0.34444444 | AB20: ='[25]Template '!$C$54 -> 0.5 | AC20: ='[25]Template '!$C$55 -> 0.375 | AD20: ='[25]Template '!$C$56 -> 0.43650794 | AF20: ='[25]Template '!$Z$30 -> 1 | AG20: ='[25]Template '!$AB$75 -> 1 | AH20: ='[25]Template '!$AD$75 -> 0 | AI20: ='[25]Template '!$AF$75 -> 0 | AJ20: ='[25]Template '!$AR$97 -> 1 | AK20: ='[25]Template '!$AS$97 -> 0 | AL20: ='[25]Template '!$AZ$97 -> 1 | AM20: ='[25]Template '!$BB$97 -> 0 | AN20: ='[25]Template '!$AU$53 -> 1 | AO20: ='[25]Template '!$AV$53 -> 1 | AP20: ='[25]Template '!$AY$53 -> 0 | AQ20: ='[25]Template '!$AX$53 -> 0 | AR20: ='[25]Template '!$AZ$53 -> 0 | AS20: ='[25]Template '!$BF$53 -> 0 | AT20: =SUM(AF20:AI20) -> 2 | AU20: =SUM(AJ20:AS20) -> 4 | AV20: =AT20+AU20 -> 6
B21: M_086 | D21: =CONCATENATE(B21,".xlsx") -> M_086.xlsx | F21: ='[40]Template '!$C$2 -> D only | H21: ='[40]Template '!$C$29 -> 0.16666667 | I21: ='[40]Template '!$C$30 -> n/a | J21: ='[40]Template '!$C$31 -> 0.20833333 | K21: ='[40]Template '!$C$32 -> 0.56617647 | L21: ='[40]Template '!$C$33 -> 0.53174603 | N21: ='[40]Template '!$C$74 -> 0.65454545 | O21: ='[40]Template '!$C$75 -> n/a | P21: ='[40]Template '!$C$76 -> 0.46428571 | Q21: ='[40]Template '!$C$77 -> 0.63095238 | R21: ='[40]Template '!$C$78 -> 0.53968254 | T21: ='[40]Template '!$C$96 -> 0.58125 | U21: ='[40]Template '!$C$97 -> 0.36666667 | V21: ='[40]Template '!$C$98 -> 0.25 | W21: ='[40]Template '!$C$99 -> 0.3037518 | X21: ='[40]Template '!$C$100 -> 0.74047619 | Z21: ='[40]Template '!$C$52 -> 0.19444444 | AA21: ='[40]Template '!$C$53 -> 0.36666667 | AB21: ='[40]Template '!$C$54 -> 0.25 | AC21: ='[40]Template '!$C$55 -> 0.46130952 | AD21: ='[40]Template '!$C$56 -> 0.62142857 | AF21: ='[40]Template '!$Z$30 -> 0 | AG21: ='[40]Template '!$AB$75 -> 0 | AH21: ='[40]Template '!$AD$75 -> 0 | AI21: ='[40]Template '!$AF$75 -> 0 | AJ21: ='[40]Template '!$AR$97 -> 0.5 | AK21: ='[40]Template '!$AS$97 -> 0 | AL21: ='[40]Template '!$AZ$97 -> 0.5 | AM21: ='[40]Template '!$BB$97 -> 0 | AN21: ='[40]Template '!$AU$53 -> 0 | AO21: ='[40]Template '!$AV$53 -> 0 | AP21: ='[40]Template '!$AY$53 -> 0 | AQ21: ='[40]Template '!$AX$53 -> 0 | AR21: ='[40]Template '!$AZ$53 -> 0 | AS21: ='[40]Template '!$BF$53 -> 0.5 | AT21: =SUM(AF21:AI21) -> 0 | AU21: =SUM(AJ21:AS21) -> 1.5 | AV21: =AT21+AU21 -> 1.5
B22: M_087 | D22: =CONCATENATE(B22,".xlsx") -> M_087.xlsx | F22: ='[41]Template '!$C$2 -> D only | H22: ='[41]Template '!$C$29 -> 0.11111111 | I22: ='[41]Template '!$C$30 -> n/a | J22: ='[41]Template '!$C$31 -> 0.58333333 | K22: ='[41]Template '!$C$32 -> 0.66911765 | L22: ='[41]Template '!$C$33 -> 0.42857143 | N22: ='[41]Template '!$C$74 -> 0.56363636 | O22: ='[41]Template '!$C$75 -> n/a | P22: ='[41]Template '!$C$76 -> 0.46428571 | Q22: ='[41]Template '!$C$77 -> 0.35714286 | R22: ='[41]Template '!$C$78 -> 0.35714286 | T22: ='[41]Template '!$C$96 -> 0.25833333 | U22: ='[41]Template '!$C$97 -> 0.54074074 | V22: ='[41]Template '!$C$98 -> 0.5 | W22: ='[41]Template '!$C$99 -> 0.37806638 | X22: ='[41]Template '!$C$100 -> 0.34365079 | Z22: ='[41]Template '!$C$52 -> 0.61507937 | AA22: ='[41]Template '!$C$53 -> 0.54074074 | AB22: ='[41]Template '!$C$54 -> 0.5 | AC22: ='[41]Template '!$C$55 -> 0.41369048 | AD22: ='[41]Template '!$C$56 -> 0.81904762 | AF22: ='[41]Template '!$Z$30 -> 0 | AG22: ='[41]Template '!$AB$75 -> 0 | AH22: ='[41]Template '!$AD$75 -> 0 | AI22: ='[41]Template '!$AF$75 -> 0 | AJ22: ='[41]Template '!$AR$97 -> 1 | AK22: ='[41]Template '!$AS$97 -> 0 | AL22: ='[41]Template '!$AZ$97 -> 0 | AM22: ='[41]Template '!$BB$97 -> 0 | AN22: ='[41]Template '!$AU$53 -> 0 | AO22: ='[41]Template '!$AV$53 -> 0 | AP22: ='[41]Template '!$AY$53 -> 0 | AQ22: ='[41]Template '!$AX$53 -> 0 | AR22: ='[41]Template '!$AZ$53 -> 0 | AS22: ='[41]Template '!$BF$53 -> 0 | AT22: =SUM(AF22:AI22) -> 0 | AU22: =SUM(AJ22:AS22) -> 1 | AV22: =AT22+AU22 -> 1
B23: M_089 | D23: =CONCATENATE(B23,".xlsx") -> M_089.xlsx | F23: ='[27]Template '!$C$2 -> D only | H23: ='[27]Template '!$C$29 -> 0.11111111 | I23: ='[27]Template '!$C$30 -> n/a | J23: ='[27]Template '!$C$31 -> 0.58333333 | K23: ='[27]Template '!$C$32 -> 0.54411765 | L23: ='[27]Template '!$C$33 -> 0.71428571 | N23: ='[27]Template '!$C$74 -> 0.24545455 | O23: ='[27]Template '!$C$75 -> n/a | P23: ='[27]Template '!$C$76 -> 0.60714286 | Q23: ='[27]Template '!$C$77 -> 0.47619048 | R23: ='[27]Template '!$C$78 -> 0.76190476 | T23: ='[27]Template '!$C$96 -> 0.8 | U23: ='[27]Template '!$C$97 -> 0.5037037 | V23: ='[27]Template '!$C$98 -> 0.5 | W23: ='[27]Template '!$C$99 -> 0.6010101 | X23: ='[27]Template '!$C$100 -> 0.89761905 | Z23: ='[27]Template '!$C$52 -> 0.40952381 | AA23: ='[27]Template '!$C$53 -> 0.5037037 | AB23: ='[27]Template '!$C$54 -> 0.5 | AC23: ='[27]Template '!$C$55 -> 0.3125 | AD23: ='[27]Template '!$C$56 -> 0.87380952 | AF23: ='[27]Template '!$Z$30 -> 0 | AG23: ='[27]Template '!$AB$75 -> 0 | AH23: ='[27]Template '!$AD$75 -> 0 | AI23: ='[27]Template '!$AF$75 -> 0 | AJ23: ='[27]Template '!$AR$97 -> 1 | AK23: ='[27]Template '!$AS$97 -> 1 | AL23: ='[27]Template '!$AZ$97 -> 1 | AM23: ='[27]Template '!$BB$97 -> 1 | AN23: ='[27]Template '!$AU$53 -> 1 | AO23: ='[27]Template '!$AV$53 -> 0 | AP23: ='[27]Template '!$AY$53 -> 0 | AQ23: ='[27]Template '!$AX$53 -> 0 | AR23: ='[27]Template '!$AZ$53 -> 0 | AS23: ='[27]Template '!$BF$53 -> 0 | AT23: =SUM(AF23:AI23) -> 0 | AU23: =SUM(AJ23:AS23) -> 5 | AV23: =AT23+AU23 -> 5
B24: M_092 | D24: =CONCATENATE(B24,".xlsx") -> M_092.xlsx | F24: ='[30]Template '!$C$2 -> D only | H24: ='[30]Template '!$C$29 -> 0.11111111 | I24: ='[30]Template '!$C$30 -> n/a | J24: ='[30]Template '!$C$31 -> 0.58333333 | K24: ='[30]Template '!$C$32 -> 0.69117647 | L24: ='[30]Template '!$C$33 -> 0.92063492 | N24: ='[30]Template '!$C$74 -> 0.29090909 | O24: ='[30]Template '!$C$75 -> n/a | P24: ='[30]Template '!$C$76 -> 0.46428571 | Q24: ='[30]Template '!$C$77 -> 0.47619048 | R24: ='[30]Template '!$C$78 -> 0.71825397 | T24: ='[30]Template '!$C$96 -> 0.60416667 | U24: ='[30]Template '!$C$97 -> 0.20740741 | V24: ='[30]Template '!$C$98 -> 0.5 | W24: ='[30]Template '!$C$99 -> 0.55339105 | X24: ='[30]Template '!$C$100 -> 0.84126984 | Z24: ='[30]Template '!$C$52 -> 0.58333333 | AA24: ='[30]Template '!$C$53 -> 0.20740741 | AB24: ='[30]Template '!$C$54 -> 0.5 | AC24: ='[30]Template '!$C$55 -> 0.57142857 | AD24: ='[30]Template '!$C$56 -> 0.97619048 | AF24: ='[30]Template '!$Z$30 -> 1 | AG24: ='[30]Template '!$AB$75 -> 0 | AH24: ='[30]Template '!$AD$75 -> 0 | AI24: ='[30]Template '!$AF$75 -> 0 | AJ24: ='[30]Template '!$AR$97 -> 0 | AK24: ='[30]Template '!$AS$97 -> 1 | AL24: ='[30]Template '!$AZ$97 -> 1 | AM24: ='[30]Template '!$BB$97 -> 1 | AN24: ='[30]Template '!$AU$53 -> 1 | AO24: ='[30]Template '!$AV$53 -> 1 | AP24: ='[30]Template '!$AY$53 -> 0 | AQ24: ='[30]Template '!$AX$53 -> 1 | AR24: ='[30]Template '!$AZ$53 -> 0 | AS24: ='[30]Template '!$BF$53 -> 1 | AT24: =SUM(AF24:AI24) -> 1 | AU24: =SUM(AJ24:AS24) -> 7 | AV24: =AT24+AU24 -> 8
B25: M_093 | D25: =CONCATENATE(B25,".xlsx") -> M_093.xlsx | F25: ='[31]Template '!$C$2 -> D only | H25: ='[31]Template '!$C$29 -> 0 | I25: ='[31]Template '!$C$30 -> n/a | J25: ='[31]Template '!$C$31 -> 0.58333333 | K25: ='[31]Template '!$C$32 -> 0.11764706 | L25: ='[31]Template '!$C$33 -> 0.27380952 | N25: ='[31]Template '!$C$74 -> 0.60909091 | O25: ='[31]Template '!$C$75 -> n/a | P25: ='[31]Template '!$C$76 -> 0.60714286 | Q25: ='[31]Template '!$C$77 -> 0.35416667 | R25: ='[31]Template '!$C$78 -> 0.42063492 | T25: ='[31]Template '!$C$96 -> 0.25 | U25: ='[31]Template '!$C$97 -> 0.65185185 | V25: ='[31]Template '!$C$98 -> 0.5 | W25: ='[31]Template '!$C$99 -> 0.26984127 | X25: ='[31]Template '!$C$100 -> 0.26428571 | Z25: ='[31]Template '!$C$52 -> 0.22857143 | AA25: ='[31]Template '!$C$53 -> 0.65185185 | AB25: ='[31]Template '!$C$54 -> 0.5 | AC25: ='[31]Template '!$C$55 -> 0.25 | AD25: ='[31]Template '!$C$56 -> 0.2952381 | AF25: ='[31]Template '!$Z$30 -> 0 | AG25: ='[31]Template '!$AB$75 -> 0 | AH25: ='[31]Template '!$AD$75 -> 0 | AI25: ='[31]Template '!$AF$75 -> 0 | AJ25: ='[31]Template '!$AR$97 -> 0 | AK25: ='[31]Template '!$AS$97 -> 0 | AL25: ='[31]Template '!$AZ$97 -> 0 | AM25: ='[31]Template '!$BB$97 -> 0 | AN25: ='[31]Template '!$AU$53 -> 0 | AO25: ='[31]Template '!$AV$53 -> 0 | AP25: ='[31]Template '!$AY$53 -> 0 | AQ25: ='[31]Template '!$AX$53 -> 0 | AR25: ='[31]Template '!$AZ$53 -> 0 | AS25: ='[31]Template '!$BF$53 -> 0 | AT25: =SUM(AF25:AI25) -> 0 | AU25: =SUM(AJ25:AS25) -> 0 | AV25: =AT25+AU25 -> 0
B26: M_094 | D26: =CONCATENATE(B26,".xlsx") -> M_094.xlsx | F26: ='[32]Template '!$C$2 -> D only | H26: ='[32]Template '!$C$29 -> 0.25 | I26: ='[32]Template '!$C$30 -> n/a | J26: ='[32]Template '!$C$31 -> 0.75 | K26: ='[32]Template '!$C$32 -> 0.45506536 | L26: ='[32]Template '!$C$33 -> 0.36309524 | N26: ='[32]Template '!$C$74 -> 0.35909091 | O26: ='[32]Template '!$C$75 -> n/a | P26: ='[32]Template '!$C$76 -> 0.071428571 | Q26: ='[32]Template '!$C$77 -> 0.47619048 | R26: ='[32]Template '!$C$78 -> 0.32936508 | T26: ='[32]Template '!$C$96 -> 0.6875 | U26: ='[32]Template '!$C$97 -> 0.71851852 | V26: ='[32]Template '!$C$98 -> 0.5 | W26: ='[32]Template '!$C$99 -> 0.52308802 | X26: ='[32]Template '!$C$100 -> 0.44087302 | Z26: ='[32]Template '!$C$52 -> 0.21944444 | AA26: ='[32]Template '!$C$53 -> 0.71851852 | AB26: ='[32]Template '!$C$54 -> 0.5 | AC26: ='[32]Template '!$C$55 -> 0.3125 | AD26: ='[32]Template '!$C$56 -> 0.47420635 | AF26: ='[32]Template '!$Z$30 -> 0 | AG26: ='[32]Template '!$AB$75 -> 0 | AH26: ='[32]Template '!$AD$75 -> 0 | AI26: ='[32]Template '!$AF$75 -> 0 | AJ26: ='[32]Template '!$AR$97 -> 0 | AK26: ='[32]Template '!$AS$97 -> 1 | AL26: ='[32]Template '!$AZ$97 -> 1 | AM26: ='[32]Template '!$BB$97 -> 0 | AN26: ='[32]Template '!$AU$53 -> 1 | AO26: ='[32]Template '!$AV$53 -> 0 | AP26: ='[32]Template '!$AY$53 -> 0 | AQ26: ='[32]Template '!$AX$53 -> 0 | AR26: ='[32]Template '!$AZ$53 -> 0 | AS26: ='[32]Template '!$BF$53 -> 0 | AT26: =SUM(AF26:AI26) -> 0 | AU26: =SUM(AJ26:AS26) -> 3 | AV26: =AT26+AU26 -> 3
B27: M_095 | D27: =CONCATENATE(B27,".xlsx") -> M_095.xlsx | F27: ='[33]Template '!$C$2 -> D only | H27: ='[33]Template '!$C$29 -> 0 | I27: ='[33]Template '!$C$30 -> n/a | J27: ='[33]Template '!$C$31 -> 0.5 | K27: ='[33]Template '!$C$32 -> 0.34558824 | L27: ='[33]Template '!$C$33 -> 0.53571429 | N27: ='[33]Template '!$C$74 -> 0.24545455 | O27: ='[33]Template '!$C$75 -> n/a | P27: ='[33]Template '!$C$76 -> 0.39285714 | Q27: ='[33]Template '!$C$77 -> 0.13095238 | R27: ='[33]Template '!$C$78 -> 0.71626984 | T27: ='[33]Template '!$C$96 -> 0.39583333 | U27: ='[33]Template '!$C$97 -> 0.34074074 | V27: ='[33]Template '!$C$98 -> 0.5 | W27: ='[33]Template '!$C$99 -> 0.43867244 | X27: ='[33]Template '!$C$100 -> 0.71825397 | Z27: ='[33]Template '!$C$52 -> 0.069444444 | AA27: ='[33]Template '!$C$53 -> 0.34074074 | AB27: ='[33]Template '!$C$54 -> 0.5 | AC27: ='[33]Template '!$C$55 -> 0.21279762 | AD27: ='[33]Template '!$C$56 -> 0.75436508 | AF27: ='[33]Template '!$Z$30 -> 0 | AG27: ='[33]Template '!$AB$75 -> 0 | AH27: ='[33]Template '!$AD$75 -> 0 | AI27: ='[33]Template '!$AF$75 -> 0 | AJ27: ='[33]Template '!$AR$97 -> 0 | AK27: ='[33]Template '!$AS$97 -> 0.5 | AL27: ='[33]Template '!$AZ$97 -> 0.5 | AM27: ='[33]Template '!$BB$97 -> 0 | AN27: ='[33]Template '!$AU$53 -> 0 | AO27: ='[33]Template '!$AV$53 -> 0 | AP27: ='[33]Template '!$AY$53 -> 0 | AQ27: ='[33]Template '!$AX$53 -> 0 | AR27: ='[33]Template '!$AZ$53 -> 0 | AS27: ='[33]Template '!$BF$53 -> 0.5 | AT27: =SUM(AF27:AI27) -> 0 | AU27: =SUM(AJ27:AS27) -> 1.5 | AV27: =AT27+AU27 -> 1.5
B28: M_099 | D28: =CONCATENATE(B28,".xlsx") -> M_099.xlsx | F28: ='[36]Template '!$C$2 -> D only | H28: ='[36]Template '!$C$29 -> 0 | I28: ='[36]Template '!$C$30 -> n/a | J28: ='[36]Template '!$C$31 -> 0.33333333 | K28: ='[36]Template '!$C$32 -> 0.27205882 | L28: ='[36]Template '!$C$33 -> 0.067460317 | N28: ='[36]Template '!$C$74 -> 0.2 | O28: ='[36]Template '!$C$75 -> n/a | P28: ='[36]Template '!$C$76 -> 0.071428571 | Q28: ='[36]Template '!$C$77 -> 0.45238095 | R28: ='[36]Template '!$C$78 -> 0.011904762 | T28: ='[36]Template '!$C$96 -> 0 | U28: ='[36]Template '!$C$97 -> 0.34814815 | V28: ='[36]Template '!$C$98 -> 0 | W28: ='[36]Template '!$C$99 -> 0 | X28: ='[36]Template '!$C$100 -> 0.035714286 | Z28: ='[36]Template '!$C$52 -> 0.027777778 | AA28: ='[36]Template '!$C$53 -> 0.34814815 | AB28: ='[36]Template '!$C$54 -> 0 | AC28: ='[36]Template '!$C$55 -> 0.083333333 | AD28: ='[36]Template '!$C$56 -> 0 | AF28: ='[36]Template '!$Z$30 -> 0 | AG28: ='[36]Template '!$AB$75 -> 0 | AH28: ='[36]Template '!$AD$75 -> 0 | AI28: ='[36]Template '!$AF$75 -> 0 | AJ28: ='[36]Template '!$AR$97 -> 0 | AK28: ='[36]Template '!$AS$97 -> 0 | AL28: ='[36]Template '!$AZ$97 -> 0 | AM28: ='[36]Template '!$BB$97 -> 0 | AN28: ='[36]Template '!$AU$53 -> 0 | AO28: ='[36]Template '!$AV$53 -> 0 | AP28: ='[36]Template '!$AY$53 -> 0 | AQ28: ='[36]Template '!$AX$53 -> 0 | AR28: ='[36]Template '!$AZ$53 -> 0 | AS28: ='[36]Template '!$BF$53 -> 0 | AT28: =SUM(AF28:AI28) -> 0 | AU28: =SUM(AJ28:AS28) -> 0 | AV28: =AT28+AU28 -> 0
A29: AVERAGE | H29: =AVERAGE(H6:H28) -> 0.15942029 | J29: =AVERAGE(J6:J28) -> 0.39311594 | K29: =AVERAGE(K6:K28) -> 0.47263072 | L29: =AVERAGE(L6:L28) -> 0.46333678 | N29: =AVERAGE(N6:N28) -> 0.4201581 | P29: =AVERAGE(P6:P28) -> 0.32220497 | Q29: =AVERAGE(Q6:Q28) -> 0.45063406 | R29: =AVERAGE(R6:R28) -> 0.49473775 | T29: =AVERAGE(T6:T28) -> 0.45244565 | U29: =AVERAGE(U6:U28) -> 0.41046699 | V29: =AVERAGE(V6:V28) -> 0.35869565 | W29: =AVERAGE(W6:W28) -> 0.31959345 | X29: =AVERAGE(X6:X28) -> 0.55479641 | Z29: =AVERAGE(Z6:Z28) -> 0.3036922 | AA29: =AVERAGE(AA6:AA28) -> 0.41046699 | AB29: =AVERAGE(AB6:AB28) -> 0.32608696 | AC29: =AVERAGE(AC6:AC28) -> 0.28778468 | AD29: =AVERAGE(AD6:AD28) -> 0.5339717 | AF29: =AVERAGE(AF6:AF28) -> 0.10869565 | AG29: =AVERAGE(AG6:AG28) -> 0.17391304 | AH29: =AVERAGE(AH6:AH28) -> 0.13043478 | AI29: =AVERAGE(AI6:AI28) -> 0.043478261 | AJ29: =AVERAGE(AJ6:AJ28) -> 0.23913043 | AK29: =AVERAGE(AK6:AK28) -> 0.26086957 | AL29: =AVERAGE(AL6:AL28) -> 0.26086957 | AM29: =AVERAGE(AM6:AM28) -> 0.086956522 | ... AV29: =AVERAGE(AV6:AV28) -> 1.9130435
A30: STDV | H30: =STDEV(H6:H29) -> 0.18754448 | J30: =STDEV(J6:J29) -> 0.18908392 | K30: =STDEV(K6:K29) -> 0.17255031 | L30: =STDEV(L6:L29) -> 0.2160904 | N30: =STDEV(N6:N29) -> 0.15025924 | P30: =STDEV(P6:P29) -> 0.17814221 | Q30: =STDEV(Q6:Q29) -> 0.13862305 | R30: =STDEV(R6:R29) -> 0.19253866 | T30: =STDEV(T6:T29) -> 0.20367681 | U30: =STDEV(U6:U29) -> 0.13432114 | V30: =STDEV(V6:V29) -> 0.21901567 | W30: =STDEV(W6:W29) -> 0.16086251 | X30: =STDEV(X6:X29) -> 0.22484983 | Z30: =STDEV(Z6:Z29) -> 0.21929501 | AA30: =STDEV(AA6:AA29) -> 0.13432114 | AB30: =STDEV(AB6:AB29) -> 0.22644203 | AC30: =STDEV(AC6:AC29) -> 0.13684268 | AD30: =STDEV(AD6:AD29) -> 0.22403098 | AF30: =STDEV(AF6:AF28) -> 0.29986822 | AG30: =STDEV(AG6:AG28) -> 0.38755339 | AH30: =STDEV(AH6:AH28) -> 0.30959619 | AI30: =STDEV(AI6:AI28) -> 0.20851441 | AJ30: =STDEV(AJ6:AJ28) -> 0.39512844 | AK30: =STDEV(AK6:AK28) -> 0.42291105 | AL30: =STDEV(AL6:AL28) -> 0.39512844 | AM30: =STDEV(AM6:AM28) -> 0.28810407 | ... AV30: =STDEV(AV6:AV28) -> 2.3915199

Sheet All Groups
A1: Demographics | G1: IPSm | M1: Global | Z1: Global | AM1: Global | AZ1: Global | CF1: Success | DP1: Pre | DW1: Self Efficacy | ED1: Post
BG2: adjIPS | DF2: Basic Training | DG2: 68W | DI2: Served as | DM2: If yes, how | DP2: PreQ1 | DQ2: PreQ2 | DR2: PreQ3 | DS2: PreQ4 | DT2: PreQ5 | DU2: PreQ6 | DV2: PreQ7 | DW2: PreQ8 | DX2: PreQ9 | DY2: PreQ10 | DZ2: PreQ11 | EA2: PreQ12 | ED2: PostQ1 | EE2: PostQ2 | EF2: PostQ3 | EG2: PostQ4 | EH2: PostQ5 | EI2: PostQ6 | EJ2: PostQ7 | EK2: PostQ8 | EL2: PostQ9 | EM2: PostQ10 | EN2: PostQ11 | EQ2: Procedure confidence | FC2: File name | FE2: Adj_IPSm | FF2: IPSm | FH2: Success | FI2: Success | FJ2: Critical errors
E3: Study | G3: AAE | N3: Evaluator | O3: evaluation & | T3: FAE | AA3: Evaluator | AB3: evaluation & | AG3: LEF | AN3: Evaluator | AO3: evaluation & | AT3: UEF | BA3: Evaluator | BB3: evaluation & | BG3: AAE | BM3: UEF | BS3: FAE | BY3: LEF | CF3: AAE | CG3: FAE | CJ3: LEF | CN3: UEF | CT3: Total vasc | CU3: Total fasc | CV3: TOTAL COMBINED | CX3: Number of | DA3: Didactic | DB3: Didactic | DC3: Evaluation | DF3: Completion | DG3: certification | DH3: Months Served | DI3: Operating Room | DJ3: If yes, how | DK3: Deployed | DL3: If yes, how | DM3: many combat | DN3: Cadaver lab | DP3: Succeed at any | DQ3: Even when things | DR3: Determine the | DS3: Control | DT3: Plan appropriate | DU3: Conduct surgical | DV3: When to use | DW3: Appropriate | DX3: ID specific | DY3: ID bony | DZ3: Performing | EA3: Caffeinated | ED3: Succeed at any | EE3: Even when things | EF3: Determine the | EG3: Control | EH3: Plan appropriate | EI3: Conduct surgical | EJ3: When to use | EK3: Appropriate | EL3: ID specific | EM3: ID bony | EN3: Performing | FH3: All Vascular | FI3: All Fasciotomy | FL3: Adj_IPSm | FR3: IPSm
A4: Participant ID | C4: Filename | E4: Group | G4: Anatomy | H4: Pathophysiology | I4: Management | J4: Procedural | K4: Technique | M4: Time | N4: Rating | O4: treatment | P4: anatomy | Q4: technique | R4: readiness | T4: Anatomy | U4: Pathophysiology | V4: Management | W4: Procedural | X4: Technique | Z4: Time | AA4: Rating | AB4: treatment | AC4: anatomy | AD4: technique | AE4: readiness | AG4: Anatomy | AH4: Pathophysiology | AI4: Management | AJ4: Procedural | AK4: Technique | AM4: Time | AN4: Rating | AO4: treatment | AP4: anatomy | AQ4: technique | AR4: readiness | AT4: Anatomy | AU4: Pathophysiology | AV4: Management | AW4: Procedural | AX4: Technique | AZ4: Time | BA4: Rating | BB4: treatment | BC4: anatomy | BD4: technique | BE4: readiness | BG4: Anatomy | BH4: Pathophysiology | BI4: Management | BJ4: Procedural | BK4: Technique | BM4: Anatomy | BN4: Pathophysiology | BO4: Management | BP4: Procedural | BQ4: Technique | BS4: Anatomy | BT4: Pathophysiology | BU4: Management | BV4: Procedural | BW4: Technique | BY4: Anatomy | BZ4: Pathophysiology | CA4: Management | CB4: Procedural | CC4: Technique | CF4: AA | CG4: CFA | CH4: SFA | CI4: PFA | CJ4: Ant | CK4: Lat | CL4: SP | CM4: DP | CN4: V | CO4: DV | CP4: BA | CQ4: MW | CR4: CT | CS4: D | CX4: Evaluators | CY4: Sequence | CZ4: Sex | DA4: Iteration # | DB4: Date | DC4: Date | DE4: Age | DF4: (month/yr) | DG4: (month/yr) | DH4: as a Medic | DI4: Medic or Tech | DJ4: many months | DK4: Internationally | DL4: many times | DM4: zones | DN4: experience | DP4: endeavor | DQ4: are tough | DR4: need for surgery | DS4: bleeding | DT4: interventions | DU4: procedures | DV4: tourniquet | DW4: incision | DX4: arteries | DY4: landmarks | DZ4: CPR | EA4: beverages | ED4: endeavor | EE4: are tough | EF4: need for surgery | EG4: bleeding | EH4: interventions | EI4: procedures | EJ4: tourniquet | EK4: incision | EL4: arteries | EM4: landmarks | EN4: CPR | EQ4: Cric | ER4: AAE | ES4: CAE | ET4: LEF | EU4: HC-WP | EV4: UEF | EW4: SM | EX4: Chest tube | EY4: HF | EZ4: BAE | FA4: FAE | FL4: AAE | FM4: FAE | FN4: UEF | FO4: LEF | FP4: TRI | FR4: AAE | FS4: FAE | FT4: UEF | FU4: LEF | FV4: TRI
A5: ='[42]Template '!$A$2 -> M_079 | C5: =CONCATENATE(A5,".xlsx") -> M_079.xlsx | E5: ='[42]Template '!$C$2 -> mSTAT only | G5: ='[42]Template '!$C$29 -> 0.38888889 | H5: ='[42]Template '!$C$30 -> n/a | I5: ='[42]Template '!$C$31 -> 0.41666667 | J5: ='[42]Template '!$C$32 -> 0.75735294 | K5: ='[42]Template '!$C$33 -> 0.72619048 | M5: ='[42]Template '!$C$80 -> 1200 | N5: ='[42]Template '!$C$81 -> 10 | O5: ='[42]Template '!$C$82 -> 2 | P5: ='[42]Template '!$C$83 -> 1 | Q5: ='[42]Template '!$C$84 -> 3 | R5: ='[42]Template '!$C$85 -> 2 | T5: ='[42]Template '!$C$74 -> 0.29090909 | U5: ='[42]Template '!$C$75 -> n/a | V5: ='[42]Template '!$C$76 -> 0.46428571 | W5: ='[42]Template '!$C$77 -> 0.45238095 | X5: ='[42]Template '!$C$78 -> 0.20634921 | Z5: ='[42]Template '!$C$80 -> 1200 | AA5: ='[42]Template '!$C$81 -> 10 | AB5: ='[42]Template '!$C$82 -> 2 | AC5: ='[42]Template '!$C$83 -> 1 | AD5: ='[42]Template '!$C$84 -> 3 | AE5: ='[42]Template '!$C$85 -> 2 | AG5: ='[42]Template '!$C$96 -> 0.66666667 | AH5: ='[42]Template '!$C$97 -> 0.57777778 | AI5: ='[42]Template '!$C$98 -> 0.5 | AJ5: ='[42]Template '!$C$99 -> 0.81746032 | AK5: ='[42]Template '!$C$100 -> 0.71507937 | AM5: ='[42]Template '!$C$102 -> 1266 | AN5: ='[42]Template '!$C$103 -> 60 | AO5: ='[42]Template '!$C$104 -> 4 | AP5: ='[42]Template '!$C$105 -> 3 | AQ5: ='[42]Template '!$C$106 -> 3 | AR5: ='[42]Template '!$C$107 -> 3 | AT5: ='[42]Template '!$C$52 -> 0.58333333 | AU5: ='[42]Template '!$C$53 -> 0.57777778 | AV5: ='[42]Template '!$C$54 -> 0.5 | AW5: ='[42]Template '!$C$55 -> 0.14583333 | AX5: ='[42]Template '!$C$56 -> 0.56507937 | AZ5: ='[42]Template '!$C$58 -> 1200 | BA5: ='[42]Template '!$C$59 -> 40 | BB5: ='[42]Template '!$C$60 -> 3 | BC5: ='[42]Template '!$C$61 -> 3 | BD5: ='[42]Template '!$C$62 -> 3 | BE5: ='[42]Template '!$C$63 -> 3 | BG5: ='[42]Template '!$B$29 -> 0.38888889 | BH5: ='[42]Template '!$B$30 -> n/a | BI5: ='[42]Template '!$B$31 -> 0.41666667 | BJ5: ='[42]Template '!$B$32 -> 0.875 | BK5: ='[42]Template '!$B$33 -> 0.72619048 | BM5: ='[42]Template '!$B$52 -> 0.75 | BN5: ='[42]Template '!$B$53 -> 0.57777778 | BO5: ='[42]Template '!$B$54 -> 0.5 | BP5: ='[42]Template '!$B$55 -> 0.19444444 | BQ5: ='[42]Template '!$B$56 -> 0.56507937 | BS5: ='[42]Template '!$B$74 -> 0.29090909 | BT5: ='[42]Template '!$B$75 -> n/a | BU5: ='[42]Template '!$B$76 -> 0.46428571 | BV5: ='[42]Template '!$B$77 -> 0.33333333 | BW5: ='[42]Template '!$B$78 -> 0.20634921 | BY5: ='[42]Template '!$B$96 -> 0.66666667 | BZ5: ='[42]Template '!$B$97 -> 0.57777778 | CA5: ='[42]Template '!$B$98 -> 0.5 | CB5: ='[42]Template '!$B$99 -> 0.80555556 | CC5: ='[42]Template '!$B$100 -> 0.71507937 | CF5: ='[42]Template '!$Z$30 -> 1 | CG5: ='[42]Template '!$AB$75 -> 0 | CH5: ='[42]Template '!$C$89 -> 0 | CI5: ='[42]Template '!$AF$75 -> 0 | CJ5: ='[42]Template '!$AR$97 -> 1 | CK5: ='[42]Template '!$AS$97 -> 1 | CL5: ='[42]Template '!$AZ$97 -> 1 | CM5: ='[42]Template '!$BB$97 -> 1 | CN5: ='[42]Template '!$AU$53 -> 0 | CO5: ='[42]Template '!$AV$53 -> 0 | CP5: ='[42]Template '!$AY$53 -> 0 | CQ5: ='[42]Template '!$AX$53 -> 0 | CR5: ='[42]Template '!$AZ$53 -> 0 | CS5: ='[42]Template '!$BF$53 -> 0 | CT5: =SUM(CF5:CI5) -> 1 | CU5: =SUM(CJ5:CS5) -> 4 | CV5: =CT5+CU5 -> 5 | CY5: ='[42]Template '!$E$2 -> A | CZ5: ='[42]Template '!$B$13 -> 1 | DA5: ='[42]Template '!$D$2 -> n/a | DB5: ='[42]Template '!$D$3 -> 0 | DC5: ='[42]Template '!$F$2 -> 45419 | DE5: ='[42]Template '!$B$12 -> 27 | DF5: ='[42]Template '!$B$14 -> 10/18 | DG5: ='[42]Template '!$B$15 -> 2/19 | DH5: ='[42]Template '!$B$16 -> 72 | DI5: ='[42]Template '!$B$17 -> 0 | DJ5: ='[42]Template '!$B$18 -> 0 | DK5: ='[42]Template '!$B$19 -> 1 | DL5: ='[42]Template '!$B$20 -> 1 | DM5: ='[42]Template '!$B$21 -> 0 | DN5: ='[42]Template '!$B$22 -> 1 | DP5: ='[42]Template '!$I$13 -> 4 | DQ5: ='[42]Template '!$I$14 -> 4 | DR5: ='[42]Template '!$I$15 -> 4 | DS5: ='[42]Template '!$I$16 -> 4 | DT5: ='[42]Template '!$I$17 -> 4 | DU5: ='[42]Template '!$I$18 -> 3 | DV5: ='[42]Template '!$I$19 -> 4 | DW5: ='[42]Template '!$I$20 -> 2 | DX5: ='[42]Template '!$I$21 -> 4 | DY5: ='[42]Template '!$I$22 -> 3 | DZ5: ='[42]Template '!$I$23 -> 5 | EA5: ='[42]Template '!$I$24 -> 0 | ED5: ='[42]Template '!$L$13 -> 4 | EE5: ='[42]Template '!$L$14 -> 4 | EF5: ='[42]Template '!$L$15 -> 4 | EG5: ='[42]Template '!$L$16 -> 2 | EH5: ='[42]Template '!$L$17 -> 4 | EI5: ='[42]Template '!$L$18 -> 4 | EJ5: ='[42]Template '!$L$19 -> 5 | EK5: ='[42]Template '!$L$20 -> 2 | EL5: ='[42]Template '!$L$21 -> 3 | EM5: ='[42]Template '!$L$22 -> 3 | EN5: ='[42]Template '!$L$23 -> 5 | EQ5: ='[42]Template '!$O$13 -> 5 | ER5: ='[42]Template '!$O$14 -> 4 | ES5: ='[42]Template '!$O$15 -> 2 | ET5: ='[42]Template '!$O$16 -> 4 | EU5: ='[42]Template '!$O$17 -> 5 | EV5: ='[42]Template '!$O$18 -> 3 | EW5: ='[42]Template '!$O$19 -> 1 | EX5: ='[42]Template '!$O$20 -> 4 | EY5: ='[42]Template '!$O$21 -> 2 | EZ5: ='[42]Template '!$O$22 -> 4 | FA5: ='[42]Template '!$O$23 -> 2 | FL5: ='[42]Template '!$D$5 -> 0.60168651 | FM5: ='[42]Template '!$D$6 -> 0.32371934 | FN5: ='[42]Template '!$D$7 -> 0.51746032 | FO5: ='[42]Template '!$D$8 -> 0.65301587 | FP5: ='[42]Template '!$D$9 -> 0.52397051 | FR5: ='[42]Template '!$E$5 -> 0.57227474 | FS5: ='[42]Template '!$E$6 -> 0.35348124 | FT5: ='[42]Template '!$E$7 -> 0.47440476 | FU5: ='[42]Template '!$E$8 -> 0.65539683 | FV5: ='[42]Template '!$E$9 -> 0.51388939
A6: ='[43]Template '!$A$2 -> M_082 | C6: =CONCATENATE(A6,".xlsx") -> M_082.xlsx | E6: ='[43]Template '!$C$2 -> mSTAT only | G6: ='[43]Template '!$C$29 -> 0.38888889 | H6: ='[43]Template '!$C$30 -> n/a | I6: ='[43]Template '!$C$31 -> 0.5 | J6: ='[43]Template '!$C$32 -> 0.35294118 | K6: ='[43]Template '!$C$33 -> 0.69246032 | M6: ='[43]Template '!$C$80 -> 637 | N6: ='[43]Template '!$C$81 -> 27.5 | O6: ='[43]Template '!$C$82 -> 3.5 | P6: ='[43]Template '!$C$83 -> 2.5 | Q6: ='[43]Template '!$C$84 -> 3 | R6: ='[43]Template '!$C$85 -> 1.5 | T6: ='[43]Template '!$C$74 -> 0.60909091 | U6: ='[43]Template '!$C$75 -> n/a | V6: ='[43]Template '!$C$76 -> 0.53571429 | W6: ='[43]Template '!$C$77 -> 0.19047619 | X6: ='[43]Template '!$C$78 -> 0.50595238 | Z6: ='[43]Template '!$C$80 -> 637 | AA6: ='[43]Template '!$C$81 -> 27.5 | AB6: ='[43]Template '!$C$82 -> 3.5 | AC6: ='[43]Template '!$C$83 -> 2.5 | AD6: ='[43]Template '!$C$84 -> 3 | AE6: ='[43]Template '!$C$85 -> 1.5 | AG6: ='[43]Template '!$C$96 -> 0.75 | AH6: ='[43]Template '!$C$97 -> 0.57777778 | AI6: ='[43]Template '!$C$98 -> 0.5 | AJ6: ='[43]Template '!$C$99 -> 0.54804346 | AK6: ='[43]Template '!$C$100 -> 0.56309524 | AM6: ='[43]Template '!$C$102 -> 1140 | AN6: ='[43]Template '!$C$103 -> 60 | AO6: ='[43]Template '!$C$104 -> 4 | AP6: ='[43]Template '!$C$105 -> 3 | AQ6: ='[43]Template '!$C$106 -> 4 | AR6: ='[43]Template '!$C$107 -> 3 | AT6: ='[43]Template '!$C$52 -> 0.75 | AU6: ='[43]Template '!$C$53 -> 0.57777778 | AV6: ='[43]Template '!$C$54 -> 0.5 | AW6: ='[43]Template '!$C$55 -> 0.27083333 | AX6: ='[43]Template '!$C$56 -> 0.77619048 | AZ6: ='[43]Template '!$C$58 -> 1200 | BA6: ='[43]Template '!$C$59 -> 62.5 | BB6: ='[43]Template '!$C$60 -> 4 | BC6: ='[43]Template '!$C$61 -> 3 | BD6: ='[43]Template '!$C$62 -> 4 | BE6: ='[43]Template '!$C$63 -> 3.5 | BG6: ='[43]Template '!$B$29 -> 0.38888889 | BH6: ='[43]Template '!$B$30 -> n/a | BI6: ='[43]Template '!$B$31 -> 0.5 | BJ6: ='[43]Template '!$B$32 -> 0.4375 | BK6: ='[43]Template '!$B$33 -> 0.69246032 | BM6: ='[43]Template '!$B$52 -> 0.75 | BN6: ='[43]Template '!$B$53 -> 0.57777778 | BO6: ='[43]Template '!$B$54 -> 0.5 | BP6: ='[43]Template '!$B$55 -> 0.33333333 | BQ6: ='[43]Template '!$B$56 -> 0.77619048 | BS6: ='[43]Template '!$B$74 -> 0.60909091 | BT6: ='[43]Template '!$B$75 -> n/a | BU6: ='[43]Template '!$B$76 -> 0.53571429 | BV6: ='[43]Template '!$B$77 -> 0.375 | BW6: ='[43]Template '!$B$78 -> 0.50595238 | BY6: ='[43]Template '!$B$96 -> 0.75 | BZ6: ='[43]Template '!$B$97 -> 0.57777778 | CA6: ='[43]Template '!$B$98 -> 0.5 | CB6: ='[43]Template '!$B$99 -> 0.75 | CC6: ='[43]Template '!$B$100 -> 0.56309524 | CF6: ='[43]Template '!$Z$30 -> 0 | CG6: ='[43]Template '!$AB$75 -> 0 | CH6: ='[43]Template '!$C$89 -> 0 | CI6: ='[43]Template '!$AF$75 -> 0 | CJ6: ='[43]Template '!$AR$97 -> 0 | CK6: ='[43]Template '!$AS$97 -> 1 | CL6: ='[43]Template '!$AZ$97 -> 1 | CM6: ='[43]Template '!$BB$97 -> 0 | CN6: ='[43]Template '!$AU$53 -> 1 | CO6: ='[43]Template '!$AV$53 -> 1 | CP6: ='[43]Template '!$AY$53 -> 1 | CQ6: ='[43]Template '!$AX$53 -> 0.5 | CR6: ='[43]Template '!$AZ$53 -> 0 | CS6: ='[43]Template '!$BF$53 -> 0 | CT6: =SUM(CF6:CI6) -> 0 | CU6: =SUM(CJ6:CS6) -> 5.5 | CV6: =CT6+CU6 -> 5.5 | CY6: ='[43]Template '!$E$2 -> A | CZ6: ='[43]Template '!$B$13 -> 1 | DA6: ='[43]Template '!$D$2 -> n/a | DB6: ='[43]Template '!$D$3 -> 0 | DC6: ='[43]Template '!$F$2 -> 45387 | DE6: ='[43]Template '!$B$12 -> 37 | DF6: ='[43]Template '!$B$14 -> 7/21 | DG6: ='[43]Template '!$B$15 -> 7/21 | DH6: ='[43]Template '!$B$16 -> 36 | DI6: ='[43]Template '!$B$17 -> 0 | DJ6: ='[43]Template '!$B$18 -> 0 | DK6: ='[43]Template '!$B$19 -> 1 | DL6: ='[43]Template '!$B$20 -> 2 | DM6: ='[43]Template '!$B$21 -> 1 | DN6: ='[43]Template '!$B$22 -> 0 | DP6: ='[43]Template '!$I$13 -> 1 | DQ6: ='[43]Template '!$I$14 -> 4 | DR6: ='[43]Template '!$I$15 -> 4 | DS6: ='[43]Template '!$I$16 -> 4 | DT6: ='[43]Template '!$I$17 -> 4 | DU6: ='[43]Template '!$I$18 -> 3 | DV6: ='[43]Template '!$I$19 -> 5 | DW6: ='[43]Template '!$I$20 -> 4 | DX6: ='[43]Template '!$I$21 -> 5 | DY6: ='[43]Template '!$I$22 -> 5 | DZ6: ='[43]Template '!$I$23 -> 5 | EA6: ='[43]Template '!$I$24 -> 0 | ED6: ='[43]Template '!$L$13 -> 5 | EE6: ='[43]Template '!$L$14 -> 4 | EF6: ='[43]Template '!$L$15 -> 4 | EG6: ='[43]Template '!$L$16 -> 4 | EH6: ='[43]Template '!$L$17 -> 4 | EI6: ='[43]Template '!$L$18 -> 3 | EJ6: ='[43]Template '!$L$19 -> 5 | EK6: ='[43]Template '!$L$20 -> 4 | EL6: ='[43]Template '!$L$21 -> 4 | EM6: ='[43]Template '!$L$22 -> 4 | EN6: ='[43]Template '!$L$23 -> 5 | EQ6: ='[43]Template '!$O$13 -> 5 | ER6: ='[43]Template '!$O$14 -> 3 | ES6: ='[43]Template '!$O$15 -> 2 | ET6: ='[43]Template '!$O$16 -> 2 | EU6: ='[43]Template '!$O$17 -> 5 | EV6: ='[43]Template '!$O$18 -> 2 | EW6: ='[43]Template '!$O$19 -> 0 | EX6: ='[43]Template '!$O$20 -> 3 | EY6: ='[43]Template '!$O$21 -> 1 | EZ6: ='[43]Template '!$O$22 -> 1 | FA6: ='[43]Template '!$O$23 -> 1 | FL6: ='[43]Template '!$D$5 -> 0.5047123 | FM6: ='[43]Template '!$D$6 -> 0.50643939 | FN6: ='[43]Template '!$D$7 -> 0.58746032 | FO6: ='[43]Template '!$D$8 -> 0.6281746 | FP6: ='[43]Template '!$D$9 -> 0.55669665 | FR6: ='[43]Template '!$E$5 -> 0.4835726 | FS6: ='[43]Template '!$E$6 -> 0.46030844 | FT6: ='[43]Template '!$E$7 -> 0.57496032 | FU6: ='[43]Template '!$E$8 -> 0.5877833 | FV6: ='[43]Template '!$E$9 -> 0.52665616
A7: ='[44]Template '!$A$2 -> M_081 | C7: =CONCATENATE(A7,".xlsx") -> M_081.xlsx | E7: ='[44]Template '!$C$2 -> mSTAT only | G7: ='[44]Template '!$C$29 -> 0.38888889 | H7: ='[44]Template '!$C$30 -> n/a | I7: ='[44]Template '!$C$31 -> 0.58333333 | J7: ='[44]Template '!$C$32 -> 0.60294118 | K7: ='[44]Template '!$C$33 -> 0.71626984 | M7: ='[44]Template '!$C$80 -> 1200 | N7: ='[44]Template '!$C$81 -> 30 | O7: ='[44]Template '!$C$82 -> 3 | P7: ='[44]Template '!$C$83 -> 3 | Q7: ='[44]Template '!$C$84 -> 2 | R7: ='[44]Template '!$C$85 -> 2 | T7: ='[44]Template '!$C$74 -> 0.51818182 | U7: ='[44]Template '!$C$75 -> n/a | V7: ='[44]Template '!$C$76 -> 0.46428571 | W7: ='[44]Template '!$C$77 -> 0.64285714 | X7: ='[44]Template '!$C$78 -> 0.50595238 | Z7: ='[44]Template '!$C$80 -> 1200 | AA7: ='[44]Template '!$C$81 -> 30 | AB7: ='[44]Template '!$C$82 -> 3 | AC7: ='[44]Template '!$C$83 -> 3 | AD7: ='[44]Template '!$C$84 -> 2 | AE7: ='[44]Template '!$C$85 -> 2 | AG7: ='[44]Template '!$C$96 -> 0.75 | AH7: ='[44]Template '!$C$97 -> 0.27777778 | AI7: ='[44]Template '!$C$98 -> 0.5 | AJ7: ='[44]Template '!$C$99 -> 0.88888889 | AK7: ='[44]Template '!$C$100 -> 0.8952381 | AM7: ='[44]Template '!$C$102 -> 1149 | AN7: ='[44]Template '!$C$103 -> 65 | AO7: ='[44]Template '!$C$104 -> 2.5 | AP7: ='[44]Template '!$C$105 -> 3.5 | AQ7: ='[44]Template '!$C$106 -> 4.5 | AR7: ='[44]Template '!$C$107 -> 4 | AT7: ='[44]Template '!$C$52 -> 0.75 | AU7: ='[44]Template '!$C$53 -> 0.27777778 | AV7: ='[44]Template '!$C$54 -> 0.5 | AW7: ='[44]Template '!$C$55 -> 0.23958333 | AX7: ='[44]Template '!$C$56 -> 0.57301587 | AZ7: ='[44]Template '!$C$58 -> 1200 | BA7: ='[44]Template '!$C$59 -> 42.5 | BB7: ='[44]Template '!$C$60 -> 2.5 | BC7: ='[44]Template '!$C$61 -> 2.5 | BD7: ='[44]Template '!$C$62 -> 3 | BE7: ='[44]Template '!$C$63 -> 2.5 | BG7: ='[44]Template '!$B$29 -> 0.38888889 | BH7: ='[44]Template '!$B$30 -> n/a | BI7: ='[44]Template '!$B$31 -> 0.58333333 | BJ7: ='[44]Template '!$B$32 -> 0.6875 | BK7: ='[44]Template '!$B$33 -> 0.71626984 | BM7: ='[44]Template '!$B$52 -> 0.75 | BN7: ='[44]Template '!$B$53 -> 0.27777778 | BO7: ='[44]Template '!$B$54 -> 0.5 | BP7: ='[44]Template '!$B$55 -> 0.34259259 | BQ7: ='[44]Template '!$B$56 -> 0.57301587 | BS7: ='[44]Template '!$B$74 -> 0.51818182 | BT7: ='[44]Template '!$B$75 -> n/a | BU7: ='[44]Template '!$B$76 -> 0.46428571 | BV7: ='[44]Template '!$B$77 -> 0.83333333 | BW7: ='[44]Template '!$B$78 -> 0.50595238 | BY7: ='[44]Template '!$B$96 -> 0.75 | BZ7: ='[44]Template '!$B$97 -> 0.27777778 | CA7: ='[44]Template '!$B$98 -> 0.5 | CB7: ='[44]Template '!$B$99 -> 0.88888889 | CC7: ='[44]Template '!$B$100 -> 0.8952381 | CF7: ='[44]Template '!$Z$30 -> 0 | CG7: ='[44]Template '!$AB$75 -> 1 | CH7: ='[44]Template '!$C$89 -> 1 | CI7: ='[44]Template '!$AF$75 -> 0 | CJ7: ='[44]Template '!$AR$97 -> 1 | CK7: ='[44]Template '!$AS$97 -> 1 | CL7: ='[44]Template '!$AZ$97 -> 1 | CM7: ='[44]Template '!$BB$97 -> 1 | CN7: ='[44]Template '!$AU$53 -> 1 | CO7: ='[44]Template '!$AV$53 -> 0.5 | CP7: ='[44]Template '!$AY$53 -> 0 | CQ7: ='[44]Template '!$AX$53 -> 0 | CR7: ='[44]Template '!$AZ$53 -> 0 | CS7: ='[44]Template '!$BF$53 -> 0 | CT7: =SUM(CF7:CI7) -> 2 | CU7: =SUM(CJ7:CS7) -> 5.5 | CV7: =CT7+CU7 -> 7.5 | CY7: ='[44]Template '!$E$2 -> B | CZ7: ='[44]Template '!$B$13 -> 1 | DA7: ='[44]Template '!$D$2 -> n/a | DB7: ='[44]Template '!$D$3 -> 0 | DC7: ='[44]Template '!$F$2 -> 45387 | DE7: ='[44]Template '!$B$12 -> 20 | DF7: ='[44]Template '!$B$14 -> 3/23 | DG7: ='[44]Template '!$B$15 -> 6/23 | DH7: ='[44]Template '!$B$16 -> 12 | DI7: ='[44]Template '!$B$17 -> 0 | DJ7: ='[44]Template '!$B$18 -> 0 | DK7: ='[44]Template '!$B$19 -> 0 | DL7: ='[44]Template '!$B$20 -> 0 | DM7: ='[44]Template '!$B$21 -> 0 | DN7: ='[44]Template '!$B$22 -> 1 | DP7: ='[44]Template '!$I$13 -> 4 | DQ7: ='[44]Template '!$I$14 -> 4 | DR7: ='[44]Template '!$I$15 -> 4 | DS7: ='[44]Template '!$I$16 -> 4 | DT7: ='[44]Template '!$I$17 -> 4 | DU7: ='[44]Template '!$I$18 -> 3 | DV7: ='[44]Template '!$I$19 -> 5 | DW7: ='[44]Template '!$I$20 -> 2 | DX7: ='[44]Template '!$I$21 -> 3 | DY7: ='[44]Template '!$I$22 -> 4 | DZ7: ='[44]Template '!$I$23 -> 4 | EA7: ='[44]Template '!$I$24 -> 0 | ED7: ='[44]Template '!$L$13 -> 4 | EE7: ='[44]Template '!$L$14 -> 5 | EF7: ='[44]Template '!$L$15 -> 4 | EG7: ='[44]Template '!$L$16 -> 5 | EH7: ='[44]Template '!$L$17 -> 4 | EI7: ='[44]Template '!$L$18 -> 4 | EJ7: ='[44]Template '!$L$19 -> 5 | EK7: ='[44]Template '!$L$20 -> 4 | EL7: ='[44]Template '!$L$21 -> 4 | EM7: ='[44]Template '!$L$22 -> 4 | EN7: ='[44]Template '!$L$23 -> 5 | EQ7: ='[44]Template '!$O$13 -> 4 | ER7: ='[44]Template '!$O$14 -> 4 | ES7: ='[44]Template '!$O$15 -> 1 | ET7: ='[44]Template '!$O$16 -> 3 | EU7: ='[44]Template '!$O$17 -> 4 | EV7: ='[44]Template '!$O$18 -> 2 | EW7: ='[44]Template '!$O$19 -> 1 | EX7: ='[44]Template '!$O$20 -> 3 | EY7: ='[44]Template '!$O$21 -> 1 | EZ7: ='[44]Template '!$O$22 -> 1 | FA7: ='[44]Template '!$O$23 -> 4 | FL7: ='[44]Template '!$D$5 -> 0.59399802 | FM7: ='[44]Template '!$D$6 -> 0.58043831 | FN7: ='[44]Template '!$D$7 -> 0.48867725 | FO7: ='[44]Template '!$D$8 -> 0.66238095 | FP7: ='[44]Template '!$D$9 -> 0.58137363 | FR7: ='[44]Template '!$E$5 -> 0.57285831 | FS7: ='[44]Template '!$E$6 -> 0.53281926 | FT7: ='[44]Template '!$E$7 -> 0.4680754 | FU7: ='[44]Template '!$E$8 -> 0.66238095 | FV7: ='[44]Template '!$E$9 -> 0.55903348
A8: ='[42]Template '!$A$2 -> M_079 | C8: =CONCATENATE(A8,".xlsx") -> M_079.xlsx | E8: ='[42]Template '!$C$2 -> mSTAT only | G8: ='[42]Template '!$C$29 -> 0.38888889 | H8: ='[42]Template '!$C$30 -> n/a | I8: ='[42]Template '!$C$31 -> 0.41666667 | J8: ='[42]Template '!$C$32 -> 0.75735294 | K8: ='[42]Template '!$C$33 -> 0.72619048 | M8: ='[42]Template '!$C$80 -> 1200 | N8: ='[42]Template '!$C$81 -> 10 | O8: ='[42]Template '!$C$82 -> 2 | P8: ='[42]Template '!$C$83 -> 1 | Q8: ='[42]Template '!$C$84 -> 3 | R8: ='[42]Template '!$C$85 -> 2 | T8: ='[42]Template '!$C$74 -> 0.29090909 | U8: ='[42]Template '!$C$75 -> n/a | V8: ='[42]Template '!$C$76 -> 0.46428571 | W8: ='[42]Template '!$C$77 -> 0.45238095 | X8: ='[42]Template '!$C$78 -> 0.20634921 | Z8: ='[42]Template '!$C$80 -> 1200 | AA8: ='[42]Template '!$C$81 -> 10 | AB8: ='[42]Template '!$C$82 -> 2 | AC8: ='[42]Template '!$C$83 -> 1 | AD8: ='[42]Template '!$C$84 -> 3 | AE8: ='[42]Template '!$C$85 -> 2 | AG8: ='[42]Template '!$C$96 -> 0.66666667 | AH8: ='[42]Template '!$C$97 -> 0.57777778 | AI8: ='[42]Template '!$C$98 -> 0.5 | AJ8: ='[42]Template '!$C$99 -> 0.81746032 | AK8: ='[42]Template '!$C$100 -> 0.71507937 | AM8: ='[42]Template '!$C$102 -> 1266 | AN8: ='[42]Template '!$C$103 -> 60 | AO8: ='[42]Template '!$C$104 -> 4 | AP8: ='[42]Template '!$C$105 -> 3 | AQ8: ='[42]Template '!$C$106 -> 3 | AR8: ='[42]Template '!$C$107 -> 3 | AT8: ='[42]Template '!$C$52 -> 0.58333333 | AU8: ='[42]Template '!$C$53 -> 0.57777778 | AV8: ='[42]Template '!$C$54 -> 0.5 | AW8: ='[42]Template '!$C$55 -> 0.14583333 | AX8: ='[42]Template '!$C$56 -> 0.56507937 | AZ8: ='[42]Template '!$C$58 -> 1200 | BA8: ='[42]Template '!$C$59 -> 40 | BB8: ='[42]Template '!$C$60 -> 3 | BC8: ='[42]Template '!$C$61 -> 3 | BD8: ='[42]Template '!$C$62 -> 3 | BE8: ='[42]Template '!$C$63 -> 3 | BG8: ='[42]Template '!$B$29 -> 0.38888889 | BH8: ='[42]Template '!$B$30 -> n/a | BI8: ='[42]Template '!$B$31 -> 0.41666667 | BJ8: ='[42]Template '!$B$32 -> 0.875 | BK8: ='[42]Template '!$B$33 -> 0.72619048 | BM8: ='[42]Template '!$B$52 -> 0.75 | BN8: ='[42]Template '!$B$53 -> 0.57777778 | BO8: ='[42]Template '!$B$54 -> 0.5 | BP8: ='[42]Template '!$B$55 -> 0.19444444 | BQ8: ='[42]Template '!$B$56 -> 0.56507937 | BS8: ='[42]Template '!$B$74 -> 0.29090909 | BT8: ='[42]Template '!$B$75 -> n/a | BU8: ='[42]Template '!$B$76 -> 0.46428571 | BV8: ='[42]Template '!$B$77 -> 0.33333333 | BW8: ='[42]Template '!$B$78 -> 0.20634921 | BY8: ='[42]Template '!$B$96 -> 0.66666667 | BZ8: ='[42]Template '!$B$97 -> 0.57777778 | CA8: ='[42]Template '!$B$98 -> 0.5 | CB8: ='[42]Template '!$B$99 -> 0.80555556 | CC8: ='[42]Template '!$B$100 -> 0.71507937 | CF8: ='[42]Template '!$Z$30 -> 1 | CG8: ='[42]Template '!$AB$75 -> 0 | CH8: ='[42]Template '!$C$89 -> 0 | CI8: ='[42]Template '!$AF$75 -> 0 | CJ8: ='[42]Template '!$AR$97 -> 1 | CK8: ='[42]Template '!$AS$97 -> 1 | CL8: ='[42]Template '!$AZ$97 -> 1 | CM8: ='[42]Template '!$BB$97 -> 1 | CN8: ='[42]Template '!$AU$53 -> 0 | CO8: ='[42]Template '!$AV$53 -> 0 | CP8: ='[42]Template '!$AY$53 -> 0 | CQ8: ='[42]Template '!$AX$53 -> 0 | CR8: ='[42]Template '!$AZ$53 -> 0 | CS8: ='[42]Template '!$BF$53 -> 0 | CT8: =SUM(CF8:CI8) -> 1 | CU8: =SUM(CJ8:CS8) -> 4 | CV8: =CT8+CU8 -> 5 | CY8: ='[42]Template '!$E$2 -> A | CZ8: ='[42]Template '!$B$13 -> 1 | DA8: ='[42]Template '!$D$2 -> n/a | DB8: ='[42]Template '!$D$3 -> 0 | DC8: ='[42]Template '!$F$2 -> 45419 | DE8: ='[42]Template '!$B$12 -> 27 | DF8: ='[42]Template '!$B$14 -> 10/18 | DG8: ='[42]Template '!$B$15 -> 2/19 | DH8: ='[42]Template '!$B$16 -> 72 | DI8: ='[42]Template '!$B$17 -> 0 | DJ8: ='[42]Template '!$B$18 -> 0 | DK8: ='[42]Template '!$B$19 -> 1 | DL8: ='[42]Template '!$B$20 -> 1 | DM8: ='[42]Template '!$B$21 -> 0 | DN8: ='[42]Template '!$B$22 -> 1 | DP8: ='[42]Template '!$I$13 -> 4 | DQ8: ='[42]Template '!$I$14 -> 4 | DR8: ='[42]Template '!$I$15 -> 4 | DS8: ='[42]Template '!$I$16 -> 4 | DT8: ='[42]Template '!$I$17 -> 4 | DU8: ='[42]Template '!$I$18 -> 3 | DV8: ='[42]Template '!$I$19 -> 4 | DW8: ='[42]Template '!$I$20 -> 2 | DX8: ='[42]Template '!$I$21 -> 4 | DY8: ='[42]Template '!$I$22 -> 3 | DZ8: ='[42]Template '!$I$23 -> 5 | EA8: ='[42]Template '!$I$24 -> 0 | ED8: ='[42]Template '!$L$13 -> 4 | EE8: ='[42]Template '!$L$14 -> 4 | EF8: ='[42]Template '!$L$15 -> 4 | EG8: ='[42]Template '!$L$16 -> 2 | EH8: ='[42]Template '!$L$17 -> 4 | EI8: ='[42]Template '!$L$18 -> 4 | EJ8: ='[42]Template '!$L$19 -> 5 | EK8: ='[42]Template '!$L$20 -> 2 | EL8: ='[42]Template '!$L$21 -> 3 | EM8: ='[42]Template '!$L$22 -> 3 | EN8: ='[42]Template '!$L$23 -> 5 | EQ8: ='[42]Template '!$O$13 -> 5 | ER8: ='[42]Template '!$O$14 -> 4 | ES8: ='[42]Template '!$O$15 -> 2 | ET8: ='[42]Template '!$O$16 -> 4 | EU8: ='[42]Template '!$O$17 -> 5 | EV8: ='[42]Template '!$O$18 -> 3 | EW8: ='[42]Template '!$O$19 -> 1 | EX8: ='[42]Template '!$O$20 -> 4 | EY8: ='[42]Template '!$O$21 -> 2 | EZ8: ='[42]Template '!$O$22 -> 4 | FA8: ='[42]Template '!$O$23 -> 2 | FL8: ='[42]Template '!$D$5 -> 0.60168651 | FM8: ='[42]Template '!$D$6 -> 0.32371934 | FN8: ='[42]Template '!$D$7 -> 0.51746032 | FO8: ='[42]Template '!$D$8 -> 0.65301587 | FP8: ='[42]Template '!$D$9 -> 0.52397051 | FR8: ='[42]Template '!$E$5 -> 0.57227474 | FS8: ='[42]Template '!$E$6 -> 0.35348124 | FT8: ='[42]Template '!$E$7 -> 0.47440476 | FU8: ='[42]Template '!$E$8 -> 0.65539683 | FV8: ='[42]Template '!$E$9 -> 0.51388939
A9: ='[45]Template '!$A$2 -> M_078 | C9: =CONCATENATE(A9,".xlsx") -> M_078.xlsx | E9: ='[45]Template '!$C$2 -> mSTAT only | G9: ='[45]Template '!$C$29 -> 0.33333333 | H9: ='[45]Template '!$C$30 -> n/a | I9: ='[45]Template '!$C$31 -> 0.58333333 | J9: ='[45]Template '!$C$32 -> 0.66176471 | K9: ='[45]Template '!$C$33 -> 0.47619048 | M9: ='[45]Template '!$C$80 -> 950 | N9: ='[45]Template '!$C$81 -> 25 | O9: ='[45]Template '!$C$82 -> 2 | P9: ='[45]Template '!$C$83 -> 1 | Q9: ='[45]Template '!$C$84 -> 2 | R9: ='[45]Template '!$C$85 -> 1 | T9: ='[45]Template '!$C$74 -> 0.38181818 | U9: ='[45]Template '!$C$75 -> n/a | V9: ='[45]Template '!$C$76 -> 0.32142857 | W9: ='[45]Template '!$C$77 -> 0.47619048 | X9: ='[45]Template '!$C$78 -> 0.26190476 | Z9: ='[45]Template '!$C$80 -> 950 | AA9: ='[45]Template '!$C$81 -> 25 | AB9: ='[45]Template '!$C$82 -> 2 | AC9: ='[45]Template '!$C$83 -> 1 | AD9: ='[45]Template '!$C$84 -> 2 | AE9: ='[45]Template '!$C$85 -> 1 | AG9: ='[45]Template '!$C$96 -> 0.66666667 | AH9: ='[45]Template '!$C$97 -> 0.51111111 | AI9: ='[45]Template '!$C$98 -> 0 | AJ9: ='[45]Template '!$C$99 -> 0.88888889 | AK9: ='[45]Template '!$C$100 -> 0.63571429 | AM9: ='[45]Template '!$C$102 -> 711 | AN9: ='[45]Template '!$C$103 -> 45 | AO9: ='[45]Template '!$C$104 -> 3 | AP9: ='[45]Template '!$C$105 -> 2 | AQ9: ='[45]Template '!$C$106 -> 3 | AR9: ='[45]Template '!$C$107 -> 2 | AT9: ='[45]Template '!$C$52 -> 0.75 | AU9: ='[45]Template '!$C$53 -> 0.51111111 | AV9: ='[45]Template '!$C$54 -> 0.5 | AW9: ='[45]Template '!$C$55 -> 0.75 | AX9: ='[45]Template '!$C$56 -> 0.66746032 | AZ9: ='[45]Template '!$C$58 -> 1015 | BA9: ='[45]Template '!$C$59 -> 25 | BB9: ='[45]Template '!$C$60 -> 2 | BC9: ='[45]Template '!$C$61 -> 2 | BD9: ='[45]Template '!$C$62 -> 2 | BE9: ='[45]Template '!$C$63 -> 2 | BG9: ='[45]Template '!$B$29 -> 0.33333333 | BH9: ='[45]Template '!$B$30 -> n/a | BI9: ='[45]Template '!$B$31 -> 0.58333333 | BJ9: ='[45]Template '!$B$32 -> 0.6875 | BK9: ='[45]Template '!$B$33 -> 0.47619048 | BM9: ='[45]Template '!$B$52 -> 0.75 | BN9: ='[45]Template '!$B$53 -> 0.51111111 | BO9: ='[45]Template '!$B$54 -> 0.5 | BP9: ='[45]Template '!$B$55 -> 0.75925926 | BQ9: ='[45]Template '!$B$56 -> 0.66746032 | BS9: ='[45]Template '!$B$74 -> 0.38181818 | BT9: ='[45]Template '!$B$75 -> n/a | BU9: ='[45]Template '!$B$76 -> 0.32142857 | BV9: ='[45]Template '!$B$77 -> 0.70833333 | BW9: ='[45]Template '!$B$78 -> 0.26190476 | BY9: ='[45]Template '!$B$96 -> 0.66666667 | BZ9: ='[45]Template '!$B$97 -> 0.51111111 | CA9: ='[45]Template '!$B$98 -> 0 | CB9: ='[45]Template '!$B$99 -> 0.88888889 | CC9: ='[45]Template '!$B$100 -> 0.63571429 | CF9: ='[45]Template '!$Z$30 -> 1 | CG9: ='[45]Template '!$AB$75 -> 0 | CH9: ='[45]Template '!$C$89 -> 0 | CI9: ='[45]Template '!$AF$75 -> 0 | CJ9: ='[45]Template '!$AR$97 -> 1 | CK9: ='[45]Template '!$AS$97 -> 1 | CL9: ='[45]Template '!$AZ$97 -> 1 | CM9: ='[45]Template '!$BB$97 -> 1 | CN9: ='[45]Template '!$AU$53 -> 1 | CO9: ='[45]Template '!$AV$53 -> 1 | CP9: ='[45]Template '!$AY$53 -> 1 | CQ9: ='[45]Template '!$AX$53 -> 1 | CR9: ='[45]Template '!$AZ$53 -> 0 | CS9: ='[45]Template '!$BF$53 -> 1 | CT9: =SUM(CF9:CI9) -> 1 | CU9: =SUM(CJ9:CS9) -> 9 | CV9: =CT9+CU9 -> 10 | CY9: ='[45]Template '!$E$2 -> A | CZ9: ='[45]Template '!$B$13 -> 2 | DA9: ='[45]Template '!$D$2 -> n/a | DB9: ='[45]Template '!$D$3 -> 0 | DC9: ='[45]Template '!$F$2 -> 45441 | DE9: ='[45]Template '!$B$12 -> 22 | DF9: ='[45]Template '!$B$14 -> 3/21 | DG9: ='[45]Template '!$B$15 -> 6/21 | DH9: ='[45]Template '!$B$16 -> 42 | DI9: ='[45]Template '!$B$17 -> 0 | DJ9: ='[45]Template '!$B$18 -> 0 | DK9: ='[45]Template '!$B$19 -> 0 | DL9: ='[45]Template '!$B$20 -> 0 | DM9: ='[45]Template '!$B$21 -> 0 | DN9: ='[45]Template '!$B$22 -> 1 | DP9: ='[45]Template '!$I$13 -> 5 | DQ9: ='[45]Template '!$I$14 -> 5 | DR9: ='[45]Template '!$I$15 -> 4 | DS9: ='[45]Template '!$I$16 -> 5 | DT9: ='[45]Template '!$I$17 -> 5 | DU9: ='[45]Template '!$I$18 -> 4 | DV9: ='[45]Template '!$I$19 -> 5 | DW9: ='[45]Template '!$I$20 -> 5 | DX9: ='[45]Template '!$I$21 -> 4 | DY9: ='[45]Template '!$I$22 -> 5 | DZ9: ='[45]Template '!$I$23 -> 5 | EA9: ='[45]Template '!$I$24 -> 0 | ED9: ='[45]Template '!$L$13 -> 4 | EE9: ='[45]Template '!$L$14 -> 4 | EF9: ='[45]Template '!$L$15 -> 4 | EG9: ='[45]Template '!$L$16 -> 4 | EH9: ='[45]Template '!$L$17 -> 4 | EI9: ='[45]Template '!$L$18 -> 3 | EJ9: ='[45]Template '!$L$19 -> 4 | EK9: ='[45]Template '!$L$20 -> 3 | EL9: ='[45]Template '!$L$21 -> 3 | EM9: ='[45]Template '!$L$22 -> 4 | EN9: ='[45]Template '!$L$23 -> 4 | EQ9: ='[45]Template '!$O$13 -> 4 | ER9: ='[45]Template '!$O$14 -> 4 | ES9: ='[45]Template '!$O$15 -> 4 | ET9: ='[45]Template '!$O$16 -> 4 | EU9: ='[45]Template '!$O$17 -> 5 | EV9: ='[45]Template '!$O$18 -> 4 | EW9: ='[45]Template '!$O$19 -> 2 | EX9: ='[45]Template '!$O$20 -> 4 | EY9: ='[45]Template '!$O$21 -> 3 | EZ9: ='[45]Template '!$O$22 -> 3 | FA9: ='[45]Template '!$O$23 -> 3 | FL9: ='[45]Template '!$D$5 -> 0.52008929 | FM9: ='[45]Template '!$D$6 -> 0.41837121 | FN9: ='[45]Template '!$D$7 -> 0.63756614 | FO9: ='[45]Template '!$D$8 -> 0.54047619 | FP9: ='[45]Template '!$D$9 -> 0.52912571 | FR9: ='[45]Template '!$E$5 -> 0.51365546 | FS9: ='[45]Template '!$E$6 -> 0.3603355 | FT9: ='[45]Template '!$E$7 -> 0.63571429 | FU9: ='[45]Template '!$E$8 -> 0.54047619 | FV9: ='[45]Template '!$E$9 -> 0.51254536
A10: ='[46]Template '!$A$2 -> M_077 | C10: =CONCATENATE(A10,".xlsx") -> M_077.xlsx | E10: ='[46]Template '!$C$2 -> mSTAT only | G10: ='[46]Template '!$C$29 -> 0.22222222 | H10: ='[46]Template '!$C$30 -> n/a | I10: ='[46]Template '!$C$31 -> 0.29166667 | J10: ='[46]Template '!$C$32 -> 0.54411765 | K10: ='[46]Template '!$C$33 -> 0.39285714 | M10: ='[46]Template '!$C$80 -> 1063 | N10: ='[46]Template '!$C$81 -> 10 | O10: ='[46]Template '!$C$82 -> 2 | P10: ='[46]Template '!$C$83 -> 1 | Q10: ='[46]Template '!$C$84 -> 2 | R10: ='[46]Template '!$C$85 -> 1 | T10: ='[46]Template '!$C$74 -> 0.18181818 | U10: ='[46]Template '!$C$75 -> n/a | V10: ='[46]Template '!$C$76 -> 0.071428571 | W10: ='[46]Template '!$C$77 -> 0.14285714 | X10: ='[46]Template '!$C$78 -> 0.18849206 | Z10: ='[46]Template '!$C$80 -> 1063 | AA10: ='[46]Template '!$C$81 -> 10 | AB10: ='[46]Template '!$C$82 -> 2 | AC10: ='[46]Template '!$C$83 -> 1 | AD10: ='[46]Template '!$C$84 -> 2 | AE10: ='[46]Template '!$C$85 -> 1 | AG10: ='[46]Template '!$C$96 -> 0.45833333 | AH10: ='[46]Template '!$C$97 -> 0.3 | AI10: ='[46]Template '!$C$98 -> 0 | AJ10: ='[46]Template '!$C$99 -> 0.53607504 | AK10: ='[46]Template '!$C$100 -> 0.39087302 | AM10: ='[46]Template '!$C$102 -> 1200 | AN10: ='[46]Template '!$C$103 -> 35 | AO10: ='[46]Template '!$C$104 -> 1.5 | AP10: ='[46]Template '!$C$105 -> 1.5 | AQ10: ='[46]Template '!$C$106 -> 2 | AR10: ='[46]Template '!$C$107 -> 2 | AT10: ='[46]Template '!$C$52 -> 0.42777778 | AU10: ='[46]Template '!$C$53 -> 0.3 | AV10: ='[46]Template '!$C$54 -> 0.5 | AW10: ='[46]Template '!$C$55 -> 0.48958333 | AX10: ='[46]Template '!$C$56 -> 0.44880952 | AZ10: ='[46]Template '!$C$58 -> 1200 | BA10: ='[46]Template '!$C$59 -> 45 | BB10: ='[46]Template '!$C$60 -> 1.5 | BC10: ='[46]Template '!$C$61 -> 1.5 | BD10: ='[46]Template '!$C$62 -> 2.5 | BE10: ='[46]Template '!$C$63 -> 2.5 | BG10: ='[46]Template '!$B$29 -> 0.22222222 | BH10: ='[46]Template '!$B$30 -> n/a | BI10: ='[46]Template '!$B$31 -> 0.29166667 | BJ10: ='[46]Template '!$B$32 -> 0.6875 | BK10: ='[46]Template '!$B$33 -> 0.39285714 | BM10: ='[46]Template '!$B$52 -> 0.59444444 | BN10: ='[46]Template '!$B$53 -> 0.3 | BO10: ='[46]Template '!$B$54 -> 0.5 | BP10: ='[46]Template '!$B$55 -> 0.58333333 | BQ10: ='[46]Template '!$B$56 -> 0.44880952 | BS10: ='[46]Template '!$B$74 -> 0.18181818 | BT10: ='[46]Template '!$B$75 -> n/a | BU10: ='[46]Template '!$B$76 -> 0.071428571 | BV10: ='[46]Template '!$B$77 -> 0.125 | BW10: ='[46]Template '!$B$78 -> 0.18849206 | BY10: ='[46]Template '!$B$96 -> 0.45833333 | BZ10: ='[46]Template '!$B$97 -> 0.3 | CA10: ='[46]Template '!$B$98 -> 0 | CB10: ='[46]Template '!$B$99 -> 0.69444444 | CC10: ='[46]Template '!$B$100 -> 0.39087302 | CF10: ='[46]Template '!$Z$30 -> 0 | CG10: ='[46]Template '!$AB$75 -> 0 | CH10: ='[46]Template '!$C$89 -> 0 | CI10: ='[46]Template '!$AF$75 -> 0 | CJ10: ='[46]Template '!$AR$97 -> 0 | CK10: ='[46]Template '!$AS$97 -> 0 | CL10: ='[46]Template '!$AZ$97 -> 1 | CM10: ='[46]Template '!$BB$97 -> 1 | CN10: ='[46]Template '!$AU$53 -> 1 | CO10: ='[46]Template '!$AV$53 -> 0.5 | CP10: ='[46]Template '!$AY$53 -> 0 | CQ10: ='[46]Template '!$AX$53 -> 1 | CR10: ='[46]Template '!$AZ$53 -> 0 | CS10: ='[46]Template '!$BF$53 -> 0 | CT10: =SUM(CF10:CI10) -> 0 | CU10: =SUM(CJ10:CS10) -> 4.5 | CV10: =CT10+CU10 -> 4.5 | CY10: ='[46]Template '!$E$2 -> B | CZ10: ='[46]Template '!$B$13 -> 1 | DA10: ='[46]Template '!$D$2 -> n/a | DB10: ='[46]Template '!$D$3 -> 0 | DC10: ='[46]Template '!$F$2 -> 45441 | DE10: ='[46]Template '!$B$12 -> 24 | DF10: ='[46]Template '!$B$14 -> 12/22 | DG10: ='[46]Template '!$B$15 -> 4/23 | DH10: ='[46]Template '!$B$16 -> 12 | DI10: ='[46]Template '!$B$17 -> 0 | DJ10: ='[46]Template '!$B$18 -> 0 | DK10: ='[46]Template '!$B$19 -> 0 | DL10: ='[46]Template '!$B$20 -> 0 | DM10: ='[46]Template '!$B$21 -> 0 | DN10: ='[46]Template '!$B$22 -> 1 | DP10: ='[46]Template '!$I$13 -> 4 | DQ10: ='[46]Template '!$I$14 -> 4 | DR10: ='[46]Template '!$I$15 -> 4 | DS10: ='[46]Template '!$I$16 -> 4 | DT10: ='[46]Template '!$I$17 -> 4 | DU10: ='[46]Template '!$I$18 -> 4 | DV10: ='[46]Template '!$I$19 -> 5 | DW10: ='[46]Template '!$I$20 -> 0 | DX10: ='[46]Template '!$I$21 -> 3 | DY10: ='[46]Template '!$I$22 -> 3 | DZ10: ='[46]Template '!$I$23 -> 4 | EA10: ='[46]Template '!$I$24 -> 1 | ED10: ='[46]Template '!$L$13 -> 4 | EE10: ='[46]Template '!$L$14 -> 4 | EF10: ='[46]Template '!$L$15 -> 4 | EG10: ='[46]Template '!$L$16 -> 3 | EH10: ='[46]Template '!$L$17 -> 4 | EI10: ='[46]Template '!$L$18 -> 3 | EJ10: ='[46]Template '!$L$19 -> 5 | EK10: ='[46]Template '!$L$20 -> 4 | EL10: ='[46]Template '!$L$21 -> 4 | EM10: ='[46]Template '!$L$22 -> 4 | EN10: ='[46]Template '!$L$23 -> 4 | EQ10: ='[46]Template '!$O$13 -> 4 | ER10: ='[46]Template '!$O$14 -> 4 | ES10: ='[46]Template '!$O$15 -> 3 | ET10: ='[46]Template '!$O$16 -> 3 | EU10: ='[46]Template '!$O$17 -> 4 | EV10: ='[46]Template '!$O$18 -> 4 | EW10: ='[46]Template '!$O$19 -> 4 | EX10: ='[46]Template '!$O$20 -> 3 | EY10: ='[46]Template '!$O$21 -> 3 | EZ10: ='[46]Template '!$O$22 -> 3 | FA10: ='[46]Template '!$O$23 -> 3 | FL10: ='[46]Template '!$D$5 -> 0.39856151 | FM10: ='[46]Template '!$D$6 -> 0.1416847 | FN10: ='[46]Template '!$D$7 -> 0.48531746 | FO10: ='[46]Template '!$D$8 -> 0.36873016 | FP10: ='[46]Template '!$D$9 -> 0.34857346 | FR10: ='[46]Template '!$E$5 -> 0.36271592 | FS10: ='[46]Template '!$E$6 -> 0.14614899 | FT10: ='[46]Template '!$E$7 -> 0.43323413 | FU10: ='[46]Template '!$E$8 -> 0.33705628 | FV10: ='[46]Template '!$E$9 -> 0.31978883
A11: ='[47]Template '!$A$2 -> M_076 | C11: =CONCATENATE(A11,".xlsx") -> M_076.xlsx | E11: ='[47]Template '!$C$2 -> mSTAT only | G11: ='[47]Template '!$C$29 -> 0.38888889 | H11: ='[47]Template '!$C$30 -> n/a | I11: ='[47]Template '!$C$31 -> 0.33333333 | J11: ='[47]Template '!$C$32 -> 0.29779412 | K11: ='[47]Template '!$C$33 -> 0.3452381 | M11: ='[47]Template '!$C$80 -> 1164 | N11: ='[47]Template '!$C$81 -> 21 | O11: ='[47]Template '!$C$82 -> 2 | P11: ='[47]Template '!$C$83 -> 1 | Q11: ='[47]Template '!$C$84 -> 2 | R11: ='[47]Template '!$C$85 -> 1 | T11: ='[47]Template '!$C$74 -> 0.33636364 | U11: ='[47]Template '!$C$75 -> n/a | V11: ='[47]Template '!$C$76 -> 0.46428571 | W11: ='[47]Template '!$C$77 -> 0.47619048 | X11: ='[47]Template '!$C$78 -> 0.37896825 | Z11: ='[47]Template '!$C$80 -> 1164 | AA11: ='[47]Template '!$C$81 -> 21 | AB11: ='[47]Template '!$C$82 -> 2 | AC11: ='[47]Template '!$C$83 -> 1 | AD11: ='[47]Template '!$C$84 -> 2 | AE11: ='[47]Template '!$C$85 -> 1 | AG11: ='[47]Template '!$C$96 -> 0.75 | AH11: ='[47]Template '!$C$97 -> 0.41111111 | AI11: ='[47]Template '!$C$98 -> 0.5 | AJ11: ='[47]Template '!$C$99 -> 0.28138528 | AK11: ='[47]Template '!$C$100 -> 0.57539683 | AM11: ='[47]Template '!$C$102 -> 1200 | AN11: ='[47]Template '!$C$103 -> 25 | AO11: ='[47]Template '!$C$104 -> 2 | AP11: ='[47]Template '!$C$105 -> 1 | AQ11: ='[47]Template '!$C$106 -> 2 | AR11: ='[47]Template '!$C$107 -> 1 | AT11: ='[47]Template '!$C$52 -> 0.75 | AU11: ='[47]Template '!$C$53 -> 0.41111111 | AV11: ='[47]Template '!$C$54 -> 0.5 | AW11: ='[47]Template '!$C$55 -> 0.25 | AX11: ='[47]Template '!$C$56 -> 0.4297619 | AZ11: ='[47]Template '!$C$58 -> 1200 | BA11: ='[47]Template '!$C$59 -> 22.5 | BB11: ='[47]Template '!$C$60 -> 2 | BC11: ='[47]Template '!$C$61 -> 1.5 | BD11: ='[47]Template '!$C$62 -> 1.5 | BE11: ='[47]Template '!$C$63 -> 1.5 | BG11: ='[47]Template '!$B$29 -> 0.38888889 | BH11: ='[47]Template '!$B$30 -> n/a | BI11: ='[47]Template '!$B$31 -> 0.33333333 | BJ11: ='[47]Template '!$B$32 -> 0.25 | BK11: ='[47]Template '!$B$33 -> 0.3452381 | BM11: ='[47]Template '!$B$52 -> 0.75 | BN11: ='[47]Template '!$B$53 -> 0.41111111 | BO11: ='[47]Template '!$B$54 -> 0.5 | BP11: ='[47]Template '!$B$55 -> 0.31481481 | BQ11: ='[47]Template '!$B$56 -> 0.4297619 | BS11: ='[47]Template '!$B$74 -> 0.33636364 | BT11: ='[47]Template '!$B$75 -> n/a | BU11: ='[47]Template '!$B$76 -> 0.46428571 | BV11: ='[47]Template '!$B$77 -> 0.45833333 | BW11: ='[47]Template '!$B$78 -> 0.37896825 | BY11: ='[47]Template '!$B$96 -> 0.75 | BZ11: ='[47]Template '!$B$97 -> 0.41111111 | CA11: ='[47]Template '!$B$98 -> 0.5 | CB11: ='[47]Template '!$B$99 -> 0.66666667 | CC11: ='[47]Template '!$B$100 -> 0.57539683 | CF11: ='[47]Template '!$Z$30 -> 0 | CG11: ='[47]Template '!$AB$75 -> 0 | CH11: ='[47]Template '!$C$89 -> 0 | CI11: ='[47]Template '!$AF$75 -> 0 | CJ11: ='[47]Template '!$AR$97 -> 1 | CK11: ='[47]Template '!$AS$97 -> 0 | CL11: ='[47]Template '!$AZ$97 -> 0 | CM11: ='[47]Template '!$BB$97 -> 0 | CN11: ='[47]Template '!$AU$53 -> 0.5 | CO11: ='[47]Template '!$AV$53 -> 0 | CP11: ='[47]Template '!$AY$53 -> 0 | CQ11: ='[47]Template '!$AX$53 -> 0 | CR11: ='[47]Template '!$AZ$53 -> 0 | CS11: ='[47]Template '!$BF$53 -> 0 | CT11: =SUM(CF11:CI11) -> 0 | CU11: =SUM(CJ11:CS11) -> 1.5 | CV11: =CT11+CU11 -> 1.5 | CY11: ='[47]Template '!$E$2 -> A | CZ11: ='[47]Template '!$B$13 -> 2 | DA11: ='[47]Template '!$D$2 -> n/a | DB11: ='[47]Template '!$D$3 -> 0 | DC11: ='[47]Template '!$F$2 -> 45443 | DE11: ='[47]Template '!$B$12 -> 20 | DF11: ='[47]Template '!$B$14 -> 9/22 | DG11: ='[47]Template '!$B$15 -> 1/23 | DH11: ='[47]Template '!$B$16 -> 16 | DI11: ='[47]Template '!$B$17 -> 0 | DJ11: ='[47]Template '!$B$18 -> 0 | DK11: ='[47]Template '!$B$19 -> 0 | DL11: ='[47]Template '!$B$20 -> 0 | DM11: ='[47]Template '!$B$21 -> 0 | DN11: ='[47]Template '!$B$22 -> 0 | DP11: ='[47]Template '!$I$13 -> 5 | DQ11: ='[47]Template '!$I$14 -> 4 | DR11: ='[47]Template '!$I$15 -> 3 | DS11: ='[47]Template '!$I$16 -> 2 | DT11: ='[47]Template '!$I$17 -> 3 | DU11: ='[47]Template '!$I$18 -> 2 | DV11: ='[47]Template '!$I$19 -> 5 | DW11: ='[47]Template '!$I$20 -> 1 | DX11: ='[47]Template '!$I$21 -> 3 | DY11: ='[47]Template '!$I$22 -> 3 | DZ11: ='[47]Template '!$I$23 -> 3 | EA11: ='[47]Template '!$I$24 -> 0 | ED11: ='[47]Template '!$L$13 -> 4 | EE11: ='[47]Template '!$L$14 -> 3 | EF11: ='[47]Template '!$L$15 -> 4 | EG11: ='[47]Template '!$L$16 -> 3 | EH11: ='[47]Template '!$L$17 -> 3 | EI11: ='[47]Template '!$L$18 -> 1 | EJ11: ='[47]Template '!$L$19 -> 4 | EK11: ='[47]Template '!$L$20 -> 3 | EL11: ='[47]Template '!$L$21 -> 3 | EM11: ='[47]Template '!$L$22 -> 4 | EN11: ='[47]Template '!$L$23 -> 3 | EQ11: ='[47]Template '!$O$13 -> 4 | ER11: ='[47]Template '!$O$14 -> 1 | ES11: ='[47]Template '!$O$15 -> 1 | ET11: ='[47]Template '!$O$16 -> 2 | EU11: ='[47]Template '!$O$17 -> 5 | EV11: ='[47]Template '!$O$18 -> 1 | EW11: ='[47]Template '!$O$19 -> 1 | EX11: ='[47]Template '!$O$20 -> 2 | EY11: ='[47]Template '!$O$21 -> 1 | EZ11: ='[47]Template '!$O$22 -> 2 | FA11: ='[47]Template '!$O$23 -> 2 | FL11: ='[47]Template '!$D$5 -> 0.32936508 | FM11: ='[47]Template '!$D$6 -> 0.40948773 | FN11: ='[47]Template '!$D$7 -> 0.48113757 | FO11: ='[47]Template '!$D$8 -> 0.58063492 | FP11: ='[47]Template '!$D$9 -> 0.45015633 | FR11: ='[47]Template '!$E$5 -> 0.34131361 | FS11: ='[47]Template '!$E$6 -> 0.41395202 | FT11: ='[47]Template '!$E$7 -> 0.4681746 | FU11: ='[47]Template '!$E$8 -> 0.50357864 | FV11: ='[47]Template '!$E$9 -> 0.43175472
A12: ='[48]Template '!$A$2 -> M_075 | C12: =CONCATENATE(A12,".xlsx") -> M_075.xlsx | E12: ='[48]Template '!$C$2 -> mSTAT only | G12: ='[48]Template '!$C$29 -> 0.5 | H12: ='[48]Template '!$C$30 -> n/a | I12: ='[48]Template '!$C$31 -> 0.16666667 | J12: ='[48]Template '!$C$32 -> 0.84395425 | K12: ='[48]Template '!$C$33 -> 0.92063492 | M12: ='[48]Template '!$C$80 -> 1200 | N12: ='[48]Template '!$C$81 -> 30 | O12: ='[48]Template '!$C$82 -> 3 | P12: ='[48]Template '!$C$83 -> 2 | Q12: ='[48]Template '!$C$84 -> 3 | R12: ='[48]Template '!$C$85 -> 2 | T12: ='[48]Template '!$C$74 -> 0.51818182 | U12: ='[48]Template '!$C$75 -> n/a | V12: ='[48]Template '!$C$76 -> 0.071428571 | W12: ='[48]Template '!$C$77 -> 0.49702381 | X12: ='[48]Template '!$C$78 -> 0.52380952 | Z12: ='[48]Template '!$C$80 -> 1200 | AA12: ='[48]Template '!$C$81 -> 30 | AB12: ='[48]Template '!$C$82 -> 3 | AC12: ='[48]Template '!$C$83 -> 2 | AD12: ='[48]Template '!$C$84 -> 3 | AE12: ='[48]Template '!$C$85 -> 2 | AG12: ='[48]Template '!$C$96 -> 0.75 | AH12: ='[48]Template '!$C$97 -> 0.74814815 | AI12: ='[48]Template '!$C$98 -> 0 | AJ12: ='[48]Template '!$C$99 -> 0.67243867 | AK12: ='[48]Template '!$C$100 -> 0.84126984 | AM12: ='[48]Template '!$C$102 -> 1279 | AN12: ='[48]Template '!$C$103 -> 70 | AO12: ='[48]Template '!$C$104 -> 4 | AP12: ='[48]Template '!$C$105 -> 3 | AQ12: ='[48]Template '!$C$106 -> 4 | AR12: ='[48]Template '!$C$107 -> 4 | AT12: ='[48]Template '!$C$52 -> 0.75 | AU12: ='[48]Template '!$C$53 -> 0.74814815 | AV12: ='[48]Template '!$C$54 -> 0 | AW12: ='[48]Template '!$C$55 -> 0.39583333 | AX12: ='[48]Template '!$C$56 -> 0.71984127 | AZ12: ='[48]Template '!$C$58 -> 1200 | BA12: ='[48]Template '!$C$59 -> 70 | BB12: ='[48]Template '!$C$60 -> 3 | BC12: ='[48]Template '!$C$61 -> 4 | BD12: ='[48]Template '!$C$62 -> 4 | BE12: ='[48]Template '!$C$63 -> 4 | BG12: ='[48]Template '!$B$29 -> 0.5 | BH12: ='[48]Template '!$B$30 -> n/a | BI12: ='[48]Template '!$B$31 -> 0.16666667 | BJ12: ='[48]Template '!$B$32 -> 0.875 | BK12: ='[48]Template '!$B$33 -> 0.92063492 | BM12: ='[48]Template '!$B$52 -> 0.75 | BN12: ='[48]Template '!$B$53 -> 0.74814815 | BO12: ='[48]Template '!$B$54 -> 0 | BP12: ='[48]Template '!$B$55 -> 0.50925926 | BQ12: ='[48]Template '!$B$56 -> 0.71984127 | BS12: ='[48]Template '!$B$74 -> 0.51818182 | BT12: ='[48]Template '!$B$75 -> n/a | BU12: ='[48]Template '!$B$76 -> 0.071428571 | BV12: ='[48]Template '!$B$77 -> 0.70833333 | BW12: ='[48]Template '!$B$78 -> 0.52380952 | BY12: ='[48]Template '!$B$96 -> 0.75 | BZ12: ='[48]Template '!$B$97 -> 0.74814815 | CA12: ='[48]Template '!$B$98 -> 0 | CB12: ='[48]Template '!$B$99 -> 0.88888889 | CC12: ='[48]Template '!$B$100 -> 0.84126984 | CF12: ='[48]Template '!$Z$30 -> 1 | CG12: ='[48]Template '!$AB$75 -> 0 | CH12: ='[48]Template '!$C$89 -> 0 | CI12: ='[48]Template '!$AF$75 -> 0 | CJ12: ='[48]Template '!$AR$97 -> 1 | CK12: ='[48]Template '!$AS$97 -> 0 | CL12: ='[48]Template '!$AZ$97 -> 1 | CM12: ='[48]Template '!$BB$97 -> 0 | CN12: ='[48]Template '!$AU$53 -> 1 | CO12: ='[48]Template '!$AV$53 -> 0 | CP12: ='[48]Template '!$AY$53 -> 0 | CQ12: ='[48]Template '!$AX$53 -> 0 | CR12: ='[48]Template '!$AZ$53 -> 0 | CS12: ='[48]Template '!$BF$53 -> 0 | CT12: =SUM(CF12:CI12) -> 1 | CU12: =SUM(CJ12:CS12) -> 3 | CV12: =CT12+CU12 -> 4 | CY12: ='[48]Template '!$E$2 -> B | CZ12: ='[48]Template '!$B$13 -> 1 | DA12: ='[48]Template '!$D$2 -> n/a | DB12: ='[48]Template '!$D$3 -> 0 | DC12: ='[48]Template '!$F$2 -> 45447 | DE12: ='[48]Template '!$B$12 -> 26 | DF12: ='[48]Template '!$B$14 -> 11/18 | DG12: ='[48]Template '!$B$15 -> 5/19 | DH12: ='[48]Template '!$B$16 -> 60 | DI12: ='[48]Template '!$B$17 -> 0 | DJ12: ='[48]Template '!$B$18 -> 0 | DK12: ='[48]Template '!$B$19 -> 0 | DL12: ='[48]Template '!$B$20 -> 0 | DM12: ='[48]Template '!$B$21 -> 0 | DN12: ='[48]Template '!$B$22 -> 1 | DP12: ='[48]Template '!$I$13 -> 4 | DQ12: ='[48]Template '!$I$14 -> 4 | DR12: ='[48]Template '!$I$15 -> 4 | DS12: ='[48]Template '!$I$16 -> 4 | DT12: ='[48]Template '!$I$17 -> 4 | DU12: ='[48]Template '!$I$18 -> 4 | DV12: ='[48]Template '!$I$19 -> 5 | DW12: ='[48]Template '!$I$20 -> 4 | DX12: ='[48]Template '!$I$21 -> 4 | DY12: ='[48]Template '!$I$22 -> 4 | DZ12: ='[48]Template '!$I$23 -> 5 | EA12: ='[48]Template '!$I$24 -> 1 | ED12: ='[48]Template '!$L$13 -> 3 | EE12: ='[48]Template '!$L$14 -> 3 | EF12: ='[48]Template '!$L$15 -> 4 | EG12: ='[48]Template '!$L$16 -> 3 | EH12: ='[48]Template '!$L$17 -> 4 | EI12: ='[48]Template '!$L$18 -> 3 | EJ12: ='[48]Template '!$L$19 -> 5 | EK12: ='[48]Template '!$L$20 -> 4 | EL12: ='[48]Template '!$L$21 -> 3 | EM12: ='[48]Template '!$L$22 -> 5 | EN12: ='[48]Template '!$L$23 -> 5 | EQ12: ='[48]Template '!$O$13 -> 5 | ER12: ='[48]Template '!$O$14 -> 4 | ES12: ='[48]Template '!$O$15 -> 2 | ET12: ='[48]Template '!$O$16 -> 2 | EU12: ='[48]Template '!$O$17 -> 5 | EV12: ='[48]Template '!$O$18 -> 1 | EW12: ='[48]Template '!$O$19 -> 1 | EX12: ='[48]Template '!$O$20 -> 4 | EY12: ='[48]Template '!$O$21 -> 1 | EZ12: ='[48]Template '!$O$22 -> 1 | FA12: ='[48]Template '!$O$23 -> 1 | FL12: ='[48]Template '!$D$5 -> 0.6155754 | FM12: ='[48]Template '!$D$6 -> 0.45543831 | FN12: ='[48]Template '!$D$7 -> 0.54544974 | FO12: ='[48]Template '!$D$8 -> 0.64566138 | FP12: ='[48]Template '!$D$9 -> 0.5655312 | FR12: ='[48]Template '!$E$5 -> 0.60781396 | FS12: ='[48]Template '!$E$6 -> 0.40261093 | FT12: ='[48]Template '!$E$7 -> 0.52276455 | FU12: ='[48]Template '!$E$8 -> 0.60237133 | FV12: ='[48]Template '!$E$9 -> 0.53389019
A13: ='[49]Template '!$A$2 -> M_074 | C13: =CONCATENATE(A13,".xlsx") -> M_074.xlsx | E13: ='[49]Template '!$C$2 -> mSTAT only | G13: ='[49]Template '!$C$29 -> 0.38888889 | H13: ='[49]Template '!$C$30 -> n/a | I13: ='[49]Template '!$C$31 -> 0.41666667 | J13: ='[49]Template '!$C$32 -> 0.54411765 | K13: ='[49]Template '!$C$33 -> 0.52380952 | M13: ='[49]Template '!$C$80 -> 1200 | N13: ='[49]Template '!$C$81 -> 30 | O13: ='[49]Template '!$C$82 -> 1.5 | P13: ='[49]Template '!$C$83 -> 2.5 | Q13: ='[49]Template '!$C$84 -> 1.5 | R13: ='[49]Template '!$C$85 -> 2 | T13: ='[49]Template '!$C$74 -> 0.65454545 | U13: ='[49]Template '!$C$75 -> n/a | V13: ='[49]Template '!$C$76 -> 0.071428571 | W13: ='[49]Template '!$C$77 -> 0.48809524 | X13: ='[49]Template '!$C$78 -> 0.49404762 | Z13: ='[49]Template '!$C$80 -> 1200 | AA13: ='[49]Template '!$C$81 -> 30 | AB13: ='[49]Template '!$C$82 -> 1.5 | AC13: ='[49]Template '!$C$83 -> 2.5 | AD13: ='[49]Template '!$C$84 -> 1.5 | AE13: ='[49]Template '!$C$85 -> 2 | AG13: ='[49]Template '!$C$96 -> 0.75 | AH13: ='[49]Template '!$C$97 -> 0.27407407 | AI13: ='[49]Template '!$C$98 -> 0 | AJ13: ='[49]Template '!$C$99 -> 0.66810967 | AK13: ='[49]Template '!$C$100 -> 0.75238095 | AM13: ='[49]Template '!$C$102 -> 1200 | AN13: ='[49]Template '!$C$103 -> 50 | AO13: ='[49]Template '!$C$104 -> 2.5 | AP13: ='[49]Template '!$C$105 -> 3 | AQ13: ='[49]Template '!$C$106 -> 2 | AR13: ='[49]Template '!$C$107 -> 2.5 | AT13: ='[49]Template '!$C$52 -> 0.34722222 | AU13: ='[49]Template '!$C$53 -> 0.27407407 | AV13: ='[49]Template '!$C$54 -> 0 | AW13: ='[49]Template '!$C$55 -> 0.28125 | AX13: ='[49]Template '!$C$56 -> 0.57301587 | AZ13: ='[49]Template '!$C$58 -> 1200 | BA13: ='[49]Template '!$C$59 -> 35 | BB13: ='[49]Template '!$C$60 -> 2.5 | BC13: ='[49]Template '!$C$61 -> 2.5 | BD13: ='[49]Template '!$C$62 -> 2 | BE13: ='[49]Template '!$C$63 -> 2 | BG13: ='[49]Template '!$B$29 -> 0.38888889 | BH13: ='[49]Template '!$B$30 -> n/a | BI13: ='[49]Template '!$B$31 -> 0.41666667 | BJ13: ='[49]Template '!$B$32 -> 0.5625 | BK13: ='[49]Template '!$B$33 -> 0.52380952 | BM13: ='[49]Template '!$B$52 -> 0.34722222 | BN13: ='[49]Template '!$B$53 -> 0.27407407 | BO13: ='[49]Template '!$B$54 -> 0 | BP13: ='[49]Template '!$B$55 -> 0.2962963 | BQ13: ='[49]Template '!$B$56 -> 0.57301587 | BS13: ='[49]Template '!$B$74 -> 0.65454545 | BT13: ='[49]Template '!$B$75 -> n/a | BU13: ='[49]Template '!$B$76 -> 0.071428571 | BV13: ='[49]Template '!$B$77 -> 0.83333333 | BW13: ='[49]Template '!$B$78 -> 0.49404762 | BY13: ='[49]Template '!$B$96 -> 0.75 | BZ13: ='[49]Template '!$B$97 -> 0.27407407 | CA13: ='[49]Template '!$B$98 -> 0 | CB13: ='[49]Template '!$B$99 -> 0.83333333 | CC13: ='[49]Template '!$B$100 -> 0.75238095 | CF13: ='[49]Template '!$Z$30 -> 0 | CG13: ='[49]Template '!$AB$75 -> 0 | CH13: ='[49]Template '!$C$89 -> 0 | CI13: ='[49]Template '!$AF$75 -> 0 | CJ13: ='[49]Template '!$AR$97 -> 1 | CK13: ='[49]Template '!$AS$97 -> 1 | CL13: ='[49]Template '!$AZ$97 -> 0.5 | CM13: ='[49]Template '!$BB$97 -> 0 | CN13: ='[49]Template '!$AU$53 -> 0.5 | CO13: ='[49]Template '!$AV$53 -> 0 | CP13: ='[49]Template '!$AY$53 -> 0.5 | CQ13: ='[49]Template '!$AX$53 -> 0.5 | CR13: ='[49]Template '!$AZ$53 -> 0 | CS13: ='[49]Template '!$BF$53 -> 0 | CT13: =SUM(CF13:CI13) -> 0 | CU13: =SUM(CJ13:CS13) -> 4 | CV13: =CT13+CU13 -> 4 | CY13: ='[49]Template '!$E$2 -> B | CZ13: ='[49]Template '!$B$13 -> 2 | DA13: ='[49]Template '!$D$2 -> n/a | DB13: ='[49]Template '!$D$3 -> 0 | DC13: ='[49]Template '!$F$2 -> 45454 | DE13: ='[49]Template '!$B$12 -> 24 | DF13: ='[49]Template '!$B$14 -> 12/22 | DG13: ='[49]Template '!$B$15 -> 4/23 | DH13: ='[49]Template '!$B$16 -> 18 | DI13: ='[49]Template '!$B$17 -> 0 | DJ13: ='[49]Template '!$B$18 -> 0 | DK13: ='[49]Template '!$B$19 -> 0 | DL13: ='[49]Template '!$B$20 -> 0 | DM13: ='[49]Template '!$B$21 -> 0 | DN13: ='[49]Template '!$B$22 -> 0 | DP13: ='[49]Template '!$I$13 -> 4 | DQ13: ='[49]Template '!$I$14 -> 3 | DR13: ='[49]Template '!$I$15 -> 3 | DS13: ='[49]Template '!$I$16 -> 3 | DT13: ='[49]Template '!$I$17 -> 3 | DU13: ='[49]Template '!$I$18 -> 3 | DV13: ='[49]Template '!$I$19 -> 5 | DW13: ='[49]Template '!$I$20 -> 3 | DX13: ='[49]Template '!$I$21 -> 2 | DY13: ='[49]Template '!$I$22 -> 3 | DZ13: ='[49]Template '!$I$23 -> 4 | EA13: ='[49]Template '!$I$24 -> 0 | ED13: ='[49]Template '!$L$13 -> 2 | EE13: ='[49]Template '!$L$14 -> 3 | EF13: ='[49]Template '!$L$15 -> 3 | EG13: ='[49]Template '!$L$16 -> 4 | EH13: ='[49]Template '!$L$17 -> 2 | EI13: ='[49]Template '!$L$18 -> 2 | EJ13: ='[49]Template '!$L$19 -> 4 | EK13: ='[49]Template '!$L$20 -> 3 | EL13: ='[49]Template '!$L$21 -> 3 | EM13: ='[49]Template '!$L$22 -> 4 | EN13: ='[49]Template '!$L$23 -> 4 | EQ13: ='[49]Template '!$O$13 -> 4 | ER13: ='[49]Template '!$O$14 -> 2 | ES13: ='[49]Template '!$O$15 -> 2 | ET13: ='[49]Template '!$O$16 -> 2 | EU13: ='[49]Template '!$O$17 -> 2 | EV13: ='[49]Template '!$O$18 -> 1 | EW13: ='[49]Template '!$O$19 -> 1 | EX13: ='[49]Template '!$O$20 -> 3 | EY13: ='[49]Template '!$O$21 -> 1 | EZ13: ='[49]Template '!$O$22 -> 2 | FA13: ='[49]Template '!$O$23 -> 4 | FL13: ='[49]Template '!$D$5 -> 0.47296627 | FM13: ='[49]Template '!$D$6 -> 0.51333874 | FN13: ='[49]Template '!$D$7 -> 0.29812169 | FO13: ='[49]Template '!$D$8 -> 0.52195767 | FP13: ='[49]Template '!$D$9 -> 0.45159609 | FR13: ='[49]Template '!$E$5 -> 0.46837068 | FS13: ='[49]Template '!$E$6 -> 0.42702922 | FT13: ='[49]Template '!$E$7 -> 0.29511243 | FU13: ='[49]Template '!$E$8 -> 0.48891294 | FV13: ='[49]Template '!$E$9 -> 0.41985632
A14: ='[50]Template '!$A$2 -> M_073 | C14: =CONCATENATE(A14,".xlsx") -> M_073.xlsx | E14: ='[50]Template '!$C$2 -> mSTAT only | G14: ='[50]Template '!$C$29 -> 0.88888889 | H14: ='[50]Template '!$C$30 -> n/a | I14: ='[50]Template '!$C$31 -> 0.58333333 | J14: ='[50]Template '!$C$32 -> 0.57352941 | K14: ='[50]Template '!$C$33 -> 0.63095238 | M14: ='[50]Template '!$C$80 -> 1064 | N14: ='[50]Template '!$C$81 -> 45 | O14: ='[50]Template '!$C$82 -> 3 | P14: ='[50]Template '!$C$83 -> 2 | Q14: ='[50]Template '!$C$84 -> 3.5 | R14: ='[50]Template '!$C$85 -> 2 | T14: ='[50]Template '!$C$74 -> 0.60909091 | U14: ='[50]Template '!$C$75 -> n/a | V14: ='[50]Template '!$C$76 -> 0.53571429 | W14: ='[50]Template '!$C$77 -> 0.48809524 | X14: ='[50]Template '!$C$78 -> 0.51388889 | Z14: ='[50]Template '!$C$80 -> 1064 | AA14: ='[50]Template '!$C$81 -> 45 | AB14: ='[50]Template '!$C$82 -> 3 | AC14: ='[50]Template '!$C$83 -> 2 | AD14: ='[50]Template '!$C$84 -> 3.5 | AE14: ='[50]Template '!$C$85 -> 2 | AG14: ='[50]Template '!$C$96 -> 0.66666667 | AH14: ='[50]Template '!$C$97 -> 0.37777778 | AI14: ='[50]Template '!$C$98 -> 0.5 | AJ14: ='[50]Template '!$C$99 -> 0.58369408 | AK14: ='[50]Template '!$C$100 -> 0.67579365 | AM14: ='[50]Template '!$C$102 -> 1082 | AN14: ='[50]Template '!$C$103 -> 50 | AO14: ='[50]Template '!$C$104 -> 2.5 | AP14: ='[50]Template '!$C$105 -> 2.5 | AQ14: ='[50]Template '!$C$106 -> 3 | AR14: ='[50]Template '!$C$107 -> 2.5 | AT14: ='[50]Template '!$C$52 -> 0.59722222 | AU14: ='[50]Template '!$C$53 -> 0.37777778 | AV14: ='[50]Template '!$C$54 -> 0.5 | AW14: ='[50]Template '!$C$55 -> 0.16220238 | AX14: ='[50]Template '!$C$56 -> 0.38769841 | AZ14: ='[50]Template '!$C$58 -> 1200 | BA14: ='[50]Template '!$C$59 -> 37.5 | BB14: ='[50]Template '!$C$60 -> 2.5 | BC14: ='[50]Template '!$C$61 -> 2 | BD14: ='[50]Template '!$C$62 -> 3 | BE14: ='[50]Template '!$C$63 -> 1.5 | BG14: ='[50]Template '!$B$29 -> 0.88888889 | BH14: ='[50]Template '!$B$30 -> n/a | BI14: ='[50]Template '!$B$31 -> 0.58333333 | BJ14: ='[50]Template '!$B$32 -> 0.6875 | BK14: ='[50]Template '!$B$33 -> 0.63095238 | BM14: ='[50]Template '!$B$52 -> 0.59722222 | BN14: ='[50]Template '!$B$53 -> 0.37777778 | BO14: ='[50]Template '!$B$54 -> 0.5 | BP14: ='[50]Template '!$B$55 -> 0.25 | BQ14: ='[50]Template '!$B$56 -> 0.38769841 | BS14: ='[50]Template '!$B$74 -> 0.60909091 | BT14: ='[50]Template '!$B$75 -> n/a | BU14: ='[50]Template '!$B$76 -> 0.53571429 | BV14: ='[50]Template '!$B$77 -> 0.52083333 | BW14: ='[50]Template '!$B$78 -> 0.51388889 | BY14: ='[50]Template '!$B$96 -> 0.66666667 | BZ14: ='[50]Template '!$B$97 -> 0.37777778 | CA14: ='[50]Template '!$B$98 -> 0.5 | CB14: ='[50]Template '!$B$99 -> 0.80555556 | CC14: ='[50]Template '!$B$100 -> 0.67579365 | CF14: ='[50]Template '!$Z$30 -> 0 | CG14: ='[50]Template '!$AB$75 -> 0 | CH14: ='[50]Template '!$C$89 -> 0 | CI14: ='[50]Template '!$AF$75 -> 0 | CJ14: ='[50]Template '!$AR$97 -> 0 | CK14: ='[50]Template '!$AS$97 -> 1 | CL14: ='[50]Template '!$AZ$97 -> 1 | CM14: ='[50]Template '!$BB$97 -> 1 | CN14: ='[50]Template '!$AU$53 -> 0 | CO14: ='[50]Template '!$AV$53 -> 0 | CP14: ='[50]Template '!$AY$53 -> 0 | CQ14: ='[50]Template '!$AX$53 -> 0 | CR14: ='[50]Template '!$AZ$53 -> 0 | CS14: ='[50]Template '!$BF$53 -> 0 | CT14: =SUM(CF14:CI14) -> 0 | CU14: =SUM(CJ14:CS14) -> 3 | CV14: =CT14+CU14 -> 3 | CY14: ='[50]Template '!$E$2 -> A | CZ14: ='[50]Template '!$B$13 -> 2 | DA14: ='[50]Template '!$D$2 -> n/a | DB14: ='[50]Template '!$D$3 -> 0 | DC14: ='[50]Template '!$F$2 -> 45454 | DE14: ='[50]Template '!$B$12 -> 37 | DF14: ='[50]Template '!$B$14 -> 1/17 | DG14: ='[50]Template '!$B$15 -> 3/17 | DH14: ='[50]Template '!$B$16 -> 168 | DI14: ='[50]Template '!$B$17 -> 0 | DJ14: ='[50]Template '!$B$18 -> 0 | DK14: ='[50]Template '!$B$19 -> 1 | DL14: ='[50]Template '!$B$20 -> 2 | DM14: ='[50]Template '!$B$21 -> 1 | DN14: ='[50]Template '!$B$22 -> 0 | DP14: ='[50]Template '!$I$13 -> 4 | DQ14: ='[50]Template '!$I$14 -> 4 | DR14: ='[50]Template '!$I$15 -> 4 | DS14: ='[50]Template '!$I$16 -> 4 | DT14: ='[50]Template '!$I$17 -> 4 | DU14: ='[50]Template '!$I$18 -> 3 | DV14: ='[50]Template '!$I$19 -> 5 | DW14: ='[50]Template '!$I$20 -> 3 | DX14: ='[50]Template '!$I$21 -> 4 | DY14: ='[50]Template '!$I$22 -> 3 | DZ14: ='[50]Template '!$I$23 -> 5 | EA14: ='[50]Template '!$I$24 -> 1 | ED14: ='[50]Template '!$L$13 -> 4 | EE14: ='[50]Template '!$L$14 -> 4 | EF14: ='[50]Template '!$L$15 -> 4 | EG14: ='[50]Template '!$L$16 -> 4 | EH14: ='[50]Template '!$L$17 -> 4 | EI14: ='[50]Template '!$L$18 -> 4 | EJ14: ='[50]Template '!$L$19 -> 5 | EK14: ='[50]Template '!$L$20 -> 4 | EL14: ='[50]Template '!$L$21 -> 4 | EM14: ='[50]Template '!$L$22 -> 4 | EN14: ='[50]Template '!$L$23 -> 5 | EQ14: ='[50]Template '!$O$13 -> 4 | ER14: ='[50]Template '!$O$14 -> 4 | ES14: ='[50]Template '!$O$15 -> 3 | ET14: ='[50]Template '!$O$16 -> 4 | EU14: ='[50]Template '!$O$17 -> 4 | EV14: ='[50]Template '!$O$18 -> 2 | EW14: ='[50]Template '!$O$19 -> 2 | EX14: ='[50]Template '!$O$20 -> 4 | EY14: ='[50]Template '!$O$21 -> 2 | EZ14: ='[50]Template '!$O$22 -> 3 | FA14: ='[50]Template '!$O$23 -> 4 | FL14: ='[50]Template '!$D$5 -> 0.69766865 | FM14: ='[50]Template '!$D$6 -> 0.54488185 | FN14: ='[50]Template '!$D$7 -> 0.42253968 | FO14: ='[50]Template '!$D$8 -> 0.60515873 | FP14: ='[50]Template '!$D$9 -> 0.56756223 | FR14: ='[50]Template '!$E$5 -> 0.669176 | FS14: ='[50]Template '!$E$6 -> 0.53669733 | FT14: ='[50]Template '!$E$7 -> 0.40498016 | FU14: ='[50]Template '!$E$8 -> 0.56078644 | FV14: ='[50]Template '!$E$9 -> 0.54290998
